"Dove","Regione","Elettori","Votanti","Percentuale votanti","Schede nulle","Schede bianche","Schede contestate","Coalizioni e liste","Voti","Percentuale voti","Seggi","Candidati uninominali eletti","Totale"
"CAMERA","ABRUZZO",1026974,657134,63.99,19408,11905,69,"FRATELLI D'ITALIA CON GIORGIA MELONI, FORZA ITALIA, LEGA PER SALVINI PREMIER, NOI MODERATI/LUPI  TOTI  BRUGNARO  UDC",298684,"47.73","3",3,6
"CAMERA","ABRUZZO",1026974,657134,63.99,19408,11905,69,"FRATELLI D'ITALIA CON GIORGIA MELONI",174548,"27.89","2",NA,NA
"CAMERA","ABRUZZO",1026974,657134,63.99,19408,11905,69,"FORZA ITALIA",69488,"11.1","1",NA,NA
"CAMERA","ABRUZZO",1026974,657134,63.99,19408,11905,69,"LEGA PER SALVINI PREMIER",50374,"8.05",NA,NA,NA
"CAMERA","ABRUZZO",1026974,657134,63.99,19408,11905,69,"NOI MODERATI/LUPI  TOTI  BRUGNARO  UDC",4274,"0.68",NA,NA,NA
"CAMERA","ABRUZZO",1026974,657134,63.99,19408,11905,69,"PARTITO DEMOCRATICO  ITALIA DEMOCRATICA E PROGRESSISTA, ALLEANZA VERDI E SINISTRA, PiuEuropa, IMPEGNO CIVICO LUIGI DI MAIO  CENTRO DEMOCRATICO",137269,"21.94","2",NA,2
"CAMERA","ABRUZZO",1026974,657134,63.99,19408,11905,69,"PARTITO DEMOCRATICO  ITALIA DEMOCRATICA E PROGRESSISTA",104047,"16.63","2",NA,NA
"CAMERA","ABRUZZO",1026974,657134,63.99,19408,11905,69,"ALLEANZA VERDI E SINISTRA",16946,"2.71",NA,NA,NA
"CAMERA","ABRUZZO",1026974,657134,63.99,19408,11905,69,"PIUEUROPA",12356,"1.97",NA,NA,NA
"CAMERA","ABRUZZO",1026974,657134,63.99,19408,11905,69,"IMPEGNO CIVICO LUIGI DI MAIO  CENTRO DEMOCRATICO",3920,"0.63",NA,NA,NA
"CAMERA","ABRUZZO",1026974,657134,63.99,19408,11905,69,"MOVIMENTO 5 STELLE",115456,"18.45","1",NA,1
"CAMERA","ABRUZZO",1026974,657134,63.99,19408,11905,69,"AZIONE  ITALIA VIVA  CALENDA",39311,"6.28",NA,NA,NA
"CAMERA","ABRUZZO",1026974,657134,63.99,19408,11905,69,"ITALEXIT PER L'ITALIA",11494,"1.84",NA,NA,NA
"CAMERA","ABRUZZO",1026974,657134,63.99,19408,11905,69,"UNIONE POPOLARE CON DE MAGISTRIS",10774,"1.72",NA,NA,NA
"CAMERA","ABRUZZO",1026974,657134,63.99,19408,11905,69,"ITALIA SOVRANA E POPOLARE",6931,"1.11",NA,NA,NA
"CAMERA","ABRUZZO",1026974,657134,63.99,19408,11905,69,"VITA",2963,"0.47",NA,NA,NA
"CAMERA","ABRUZZO",1026974,657134,63.99,19408,11905,69,"ALTERNATIVA PER L'ITALIA  NO GREEN PASS",1708,"0.27",NA,NA,NA
"CAMERA","ABRUZZO",1026974,657134,63.99,19408,11905,69,"SUD CHIAMA NORD",1162,"0.19",NA,NA,NA
"CAMERA","BASILICATA",446685,262520,58.77,10978,7087,2,"FRATELLI D'ITALIA CON GIORGIA MELONI, FORZA ITALIA, LEGA PER SALVINI PREMIER, NOI MODERATI/LUPI  TOTI  BRUGNARO  UDC",93648,"38.31","1",1,2
"CAMERA","BASILICATA",446685,262520,58.77,10978,7087,2,"FRATELLI D'ITALIA CON GIORGIA MELONI",44396,"18.16","1",NA,NA
"CAMERA","BASILICATA",446685,262520,58.77,10978,7087,2,"FORZA ITALIA",22874,"9.36",NA,NA,NA
"CAMERA","BASILICATA",446685,262520,58.77,10978,7087,2,"LEGA PER SALVINI PREMIER",21946,"8.98",NA,NA,NA
"CAMERA","BASILICATA",446685,262520,58.77,10978,7087,2,"NOI MODERATI/LUPI  TOTI  BRUGNARO  UDC",4432,"1.81",NA,NA,NA
"CAMERA","BASILICATA",446685,262520,58.77,10978,7087,2,"MOVIMENTO 5 STELLE",61114,"25","1",NA,1
"CAMERA","BASILICATA",446685,262520,58.77,10978,7087,2,"PARTITO DEMOCRATICO  ITALIA DEMOCRATICA E PROGRESSISTA, ALLEANZA VERDI E SINISTRA, PiuEuropa, IMPEGNO CIVICO LUIGI DI MAIO  CENTRO DEMOCRATICO",52781,"21.59","1",NA,1
"CAMERA","BASILICATA",446685,262520,58.77,10978,7087,2,"PARTITO DEMOCRATICO  ITALIA DEMOCRATICA E PROGRESSISTA",37147,"15.2","1",NA,NA
"CAMERA","BASILICATA",446685,262520,58.77,10978,7087,2,"ALLEANZA VERDI E SINISTRA",8348,"3.41",NA,NA,NA
"CAMERA","BASILICATA",446685,262520,58.77,10978,7087,2,"PIUEUROPA",5104,"2.09",NA,NA,NA
"CAMERA","BASILICATA",446685,262520,58.77,10978,7087,2,"IMPEGNO CIVICO LUIGI DI MAIO  CENTRO DEMOCRATICO",2182,"0.89",NA,NA,NA
"CAMERA","BASILICATA",446685,262520,58.77,10978,7087,2,"AZIONE  ITALIA VIVA  CALENDA",23870,"9.76",NA,NA,NA
"CAMERA","BASILICATA",446685,262520,58.77,10978,7087,2,"UNIONE POPOLARE CON DE MAGISTRIS",3617,"1.48",NA,NA,NA
"CAMERA","BASILICATA",446685,262520,58.77,10978,7087,2,"ITALEXIT PER L'ITALIA",3525,"1.44",NA,NA,NA
"CAMERA","BASILICATA",446685,262520,58.77,10978,7087,2,"ITALIA SOVRANA E POPOLARE",2638,"1.08",NA,NA,NA
"CAMERA","BASILICATA",446685,262520,58.77,10978,7087,2,"PARTITO COMUNISTA ITALIANO",2304,"0.94",NA,NA,NA
"CAMERA","BASILICATA",446685,262520,58.77,10978,7087,2,"MASTELLA NOI DI CENTRO EUROPEISTI",956,"0.39",NA,NA,NA
"CAMERA","CALABRIA",1496834,760354,5.08,23165,17608,70,"FRATELLI D'ITALIA CON GIORGIA MELONI, FORZA ITALIA, LEGA PER SALVINI PREMIER, NOI MODERATI/LUPI  TOTI  BRUGNARO  UDC",297541,"41.35","4",4,8
"CAMERA","CALABRIA",1496834,760354,5.08,23165,17608,70,"FRATELLI D'ITALIA CON GIORGIA MELONI",136479,"18.97","2",NA,NA
"CAMERA","CALABRIA",1496834,760354,5.08,23165,17608,70,"FORZA ITALIA",112211,"15.6","1",NA,NA
"CAMERA","CALABRIA",1496834,760354,5.08,23165,17608,70,"LEGA PER SALVINI PREMIER",41676,"5.79","1",NA,NA
"CAMERA","CALABRIA",1496834,760354,5.08,23165,17608,70,"NOI MODERATI/LUPI  TOTI  BRUGNARO  UDC",7175,"1",NA,NA,NA
"CAMERA","CALABRIA",1496834,760354,5.08,23165,17608,70,"MOVIMENTO 5 STELLE",211390,"29.38","2",1,3
"CAMERA","CALABRIA",1496834,760354,5.08,23165,17608,70,"PARTITO DEMOCRATICO  ITALIA DEMOCRATICA E PROGRESSISTA, ALLEANZA VERDI E SINISTRA, PiuEuropa, IMPEGNO CIVICO LUIGI DI MAIO  CENTRO DEMOCRATICO",130605,"18.15","2",NA,NA
"CAMERA","CALABRIA",1496834,760354,5.08,23165,17608,70,"PARTITO DEMOCRATICO  ITALIA DEMOCRATICA E PROGRESSISTA",103315,"14.36","2",NA,NA
"CAMERA","CALABRIA",1496834,760354,5.08,23165,17608,70,"ALLEANZA VERDI E SINISTRA",13050,"1.81",NA,NA,NA
"CAMERA","CALABRIA",1496834,760354,5.08,23165,17608,70,"PIUEUROPA",7820,"1.09",NA,NA,NA
"CAMERA","CALABRIA",1496834,760354,5.08,23165,17608,70,"IMPEGNO CIVICO LUIGI DI MAIO  CENTRO DEMOCRATICO",6420,"0.89",NA,NA,NA
"CAMERA","CALABRIA",1496834,760354,5.08,23165,17608,70,"AZIONE  ITALIA VIVA  CALENDA",29810,"4.14",NA,NA,NA
"CAMERA","CALABRIA",1496834,760354,5.08,23165,17608,70,"UNIONE POPOLARE CON DE MAGISTRIS",16341,"2.27",NA,NA,NA
"CAMERA","CALABRIA",1496834,760354,5.08,23165,17608,70,"ITALEXIT PER L'ITALIA",10044,"1.4",NA,NA,NA
"CAMERA","CALABRIA",1496834,760354,5.08,23165,17608,70,"ITALIA SOVRANA E POPOLARE",8583,"1.19",NA,NA,NA
"CAMERA","CALABRIA",1496834,760354,5.08,23165,17608,70,"PARTITO COMUNISTA ITALIANO",4659,"0.65",NA,NA,NA
"CAMERA","CALABRIA",1496834,760354,5.08,23165,17608,70,"SUD CHIAMA NORD",2426,"0.34",NA,NA,NA
"CAMERA","CALABRIA",1496834,760354,5.08,23165,17608,70,"PARTITO ANIMALISTA  UCDL  10 VOLTE MEGLIO",2241,"0.31",NA,NA,NA
"CAMERA","CALABRIA",1496834,760354,5.08,23165,17608,70,"ALTERNATIVA PER L'ITALIA  NO GREEN PASS",1908,"0.27",NA,NA,NA
"CAMERA","CALABRIA",1496834,760354,5.08,23165,17608,70,"MASTELLA NOI DI CENTRO EUROPEISTI",1662,"0.23",NA,NA,NA
"CAMERA","CALABRIA",1496834,760354,5.08,23165,17608,70,"VITA",1486,"0.21",NA,NA,NA
"CAMERA","CALABRIA",1496834,760354,5.08,23165,17608,70,"FORZA DEL POPOLO",815,"0.11",NA,NA,NA
"CAMERA","CAMPANIA 1",2379167,1208233,50.78,26916,11845,48,"MOVIMENTO 5 STELLE",483699,"41.36","6",7,13
"CAMERA","CAMPANIA 1",2379167,1208233,50.78,26916,11845,48,"FRATELLI D'ITALIA CON GIORGIA MELONI, FORZA ITALIA, LEGA PER SALVINI PREMIER, NOI MODERATI/LUPI  TOTI  BRUGNARO  UDC",314053,"26.86","3",NA,3
"CAMERA","CAMPANIA 1",2379167,1208233,50.78,26916,11845,48,"FRATELLI D'ITALIA CON GIORGIA MELONI",161849,"13.84","2",NA,NA
"CAMERA","CAMPANIA 1",2379167,1208233,50.78,26916,11845,48,"FORZA ITALIA",111603,"9.54","1",NA,NA
"CAMERA","CAMPANIA 1",2379167,1208233,50.78,26916,11845,48,"LEGA PER SALVINI PREMIER",33636,"2.88",NA,NA,NA
"CAMERA","CAMPANIA 1",2379167,1208233,50.78,26916,11845,48,"NOI MODERATI/LUPI - TOTI - BRUGNARO - UDC",6965,"0.6",NA,NA,NA
"CAMERA","CAMPANIA 1",2379167,1208233,50.78,26916,11845,48,"PARTITO DEMOCRATICO  ITALIA DEMOCRATICA E PROGRESSISTA, ALLEANZA VERDI E SINISTRA, PiuEuropa, IMPEGNO CIVICO LUIGI DI MAIO  CENTRO DEMOCRATICO",253603,"21.69","3",NA,3
"CAMERA","CAMPANIA 1",2379167,1208233,50.78,26916,11845,48,"PARTITO DEMOCRATICO - ITALIA DEMOCRATICA E PROGRESSISTA",168654,"14.42","2",NA,NA
"CAMERA","CAMPANIA 1",2379167,1208233,50.78,26916,11845,48,"ALLEANZA VERDI E SINISTRA",35867,"3.07","1",NA,NA
"CAMERA","CAMPANIA 1",2379167,1208233,50.78,26916,11845,48,"IMPEGNO CIVICO LUIGI DI MAIO - CENTRO DEMOCRATICO",24882,"2.13",NA,NA,NA
"CAMERA","CAMPANIA 1",2379167,1208233,50.78,26916,11845,48,"PIUEUROPA",24200,"2.07",NA,NA,NA
"CAMERA","CAMPANIA 1",2379167,1208233,50.78,26916,11845,48,"AZIONE - ITALIA VIVA - CALENDA",62788,"5.37","1",NA,1
"CAMERA","CAMPANIA 1",2379167,1208233,50.78,26916,11845,48,"UNIONE POPOLARE CON DE MAGISTRIS",30382,"2.6",NA,NA,NA
"CAMERA","CAMPANIA 1",2379167,1208233,50.78,26916,11845,48,"ITALEXIT PER L'ITALIA",12830,"1.1",NA,NA,NA
"CAMERA","CAMPANIA 1",2379167,1208233,50.78,26916,11845,48,"ITALIA SOVRANA E POPOLARE",8235,"0.7",NA,NA,NA
"CAMERA","CAMPANIA 1",2379167,1208233,50.78,26916,11845,48,"MASTELLA NOI DI CENTRO EUROPEISTI",3834,"0.33",NA,NA,NA
"CAMERA","CAMPANIA 2",2131555,1194845,56.06,33218,26631,193,"FRATELLI D'ITALIA CON GIORGIA MELONI, FORZA ITALIA, LEGA PER SALVINI PREMIER, NOI MODERATI/LUPI  TOTI  BRUGNARO  UDC",428954,"37.8","4",7,11
"CAMERA","CAMPANIA 2",2131555,1194845,56.06,33218,26631,193,"FRATELLI D'ITALIA CON GIORGIA MELONI",239860,"21.14","2",NA,NA
"CAMERA","CAMPANIA 2",2131555,1194845,56.06,33218,26631,193,"FORZA ITALIA",111825,"9.85","1",NA,NA
"CAMERA","CAMPANIA 2",2131555,1194845,56.06,33218,26631,193,"LEGA PER SALVINI PREMIER",68454,"6.03","1",NA,NA
"CAMERA","CAMPANIA 2",2131555,1194845,56.06,33218,26631,193,"NOI MODERATI/LUPI - TOTI - BRUGNARO - UDC",8815,"0.78",NA,NA,NA
"CAMERA","CAMPANIA 2",2131555,1194845,56.06,33218,26631,193,"MOVIMENTO 5 STELLE",312937,"27.58","3",NA,3
"CAMERA","CAMPANIA 2",2131555,1194845,56.06,33218,26631,193,"PARTITO DEMOCRATICO  ITALIA DEMOCRATICA E PROGRESSISTA, ALLEANZA VERDI E SINISTRA, PiuEuropa, IMPEGNO CIVICO LUIGI DI MAIO  CENTRO DEMOCRATICO",312937,"27.58","3",NA,3
"CAMERA","CAMPANIA 2",2131555,1194845,56.06,33218,26631,193,"PARTITO DEMOCRATICO - ITALIA DEMOCRATICA E PROGRESSISTA",191338,"16.86","2",NA,NA
"CAMERA","CAMPANIA 2",2131555,1194845,56.06,33218,26631,193,"ALLEANZA VERDI E SINISTRA",27529,"2.43","1",NA,NA
"CAMERA","CAMPANIA 2",2131555,1194845,56.06,33218,26631,193,"PIUEUROPA",22346,"1.97",NA,NA,NA
"CAMERA","CAMPANIA 2",2131555,1194845,56.06,33218,26631,193,"IMPEGNO CIVICO LUIGI DI MAIO - CENTRO DEMOCRATICO",15801,"1.39",NA,NA,NA
"CAMERA","CAMPANIA 2",2131555,1194845,56.06,33218,26631,193,"AZIONE - ITALIA VIVA - CALENDA",57389,"5.06","1",NA,1
"CAMERA","CAMPANIA 2",2131555,1194845,56.06,33218,26631,193,"MASTELLA NOI DI CENTRO EUROPEISTI",29415,"2.59",NA,NA,NA
"CAMERA","CAMPANIA 2",2131555,1194845,56.06,33218,26631,193,"UNIONE POPOLARE CON DE MAGISTRIS",16635,"1.47",NA,NA,NA
"CAMERA","CAMPANIA 2",2131555,1194845,56.06,33218,26631,193,"ITALEXIT PER L'ITALIA",13010,"1.15",NA,NA,NA
"CAMERA","CAMPANIA 2",2131555,1194845,56.06,33218,26631,193,"ITALIA SOVRANA E POPOLARE",9235,"0.81",NA,NA,NA
"CAMERA","CAMPANIA 2",2131555,1194845,56.06,33218,26631,193,"PARTITO ANIMALISTA - UCDL - 10 VOLTE MEGLIO",4634,"0.41",NA,NA,NA
"CAMERA","CAMPANIA 2",2131555,1194845,56.06,33218,26631,193,"PARTITO COMUNISTA ITALIANO",3341,"0.29",NA,NA,NA
"CAMERA","CAMPANIA 2",2131555,1194845,56.06,33218,26631,193,"VITA",2239,"0.2",NA,NA,NA
"CAMERA","EMILIAROMAGNA",3328327,2395342,71.97,57192,31001,200,"FRATELLI D'ITALIA CON GIORGIA MELONI, FORZA ITALIA, LEGA PER SALVINI PREMIER, NOI MODERATI/LUPI  TOTI  BRUGNARO  UDC",898085,"38.93","8",7,15
"CAMERA","EMILIAROMAGNA",3328327,2395342,71.97,57192,31001,200,"FRATELLI D'ITALIA CON GIORGIA MELONI",577154,"25.02","5",NA,NA
"CAMERA","EMILIAROMAGNA",3328327,2395342,71.97,57192,31001,200,"LEGA PER SALVINI PREMIER",173509,"7.52","2",NA,NA
"CAMERA","EMILIAROMAGNA",3328327,2395342,71.97,57192,31001,200,"FORZA ITALIA",134382,"5.83","1",NA,NA
"CAMERA","EMILIAROMAGNA",3328327,2395342,71.97,57192,31001,200,"NOI MODERATI/LUPI  TOTI  BRUGNARO  UDC",13040,"0.57",NA,NA,NA
"CAMERA","EMILIAROMAGNA",3328327,2395342,71.97,57192,31001,200,"PARTITO DEMOCRATICO  ITALIA DEMOCRATICA E PROGRESSISTA, ALLEANZA VERDI E SINISTRA, PiuEuropa, IMPEGNO CIVICO LUIGI DI MAIO  CENTRO DEMOCRATICO",829381,"35.95","6",4,10
"CAMERA","EMILIAROMAGNA",3328327,2395342,71.97,57192,31001,200,"PARTITO DEMOCRATICO  ITALIA DEMOCRATICA E PROGRESSISTA",648373,"28.1","5",NA,NA
"CAMERA","EMILIAROMAGNA",3328327,2395342,71.97,57192,31001,200,"ALLEANZA VERDI E SINISTRA",99744,"4.32","1",NA,NA
"CAMERA","EMILIAROMAGNA",3328327,2395342,71.97,57192,31001,200,"PIUEUROPA",72866,"3.16",NA,NA,NA
"CAMERA","EMILIAROMAGNA",3328327,2395342,71.97,57192,31001,200,"IMPEGNO CIVICO LUIGI DI MAIO  CENTRO DEMOCRATICO",8398,"0.36",NA,NA,NA
"CAMERA","EMILIAROMAGNA",3328327,2395342,71.97,57192,31001,200,"MOVIMENTO 5 STELLE",228663,"9.91","2",NA,2
"CAMERA","EMILIAROMAGNA",3328327,2395342,71.97,57192,31001,200,"AZIONE  ITALIA VIVA  CALENDA",197338,"8.55","2",NA,2
"CAMERA","EMILIAROMAGNA",3328327,2395342,71.97,57192,31001,200,"ITALEXIT PER L'ITALIA",44723,"1.94",NA,NA,NA
"CAMERA","EMILIAROMAGNA",3328327,2395342,71.97,57192,31001,200,"ITALIA SOVRANA E POPOLARE",32984,"1.43",NA,NA,NA
"CAMERA","EMILIAROMAGNA",3328327,2395342,71.97,57192,31001,200,"UNIONE POPOLARE CON DE MAGISTRIS",32319,"1.4",NA,NA,NA
"CAMERA","EMILIAROMAGNA",3328327,2395342,71.97,57192,31001,200,"VITA",25389,"1.1",NA,NA,NA
"CAMERA","EMILIAROMAGNA",3328327,2395342,71.97,57192,31001,200,"PARTITO ANIMALISTA  UCDL  10 VOLTE MEGLIO",14567,"0.63",NA,NA,NA
"CAMERA","EMILIAROMAGNA",3328327,2395342,71.97,57192,31001,200,"MASTELLA NOI DI CENTRO EUROPEISTI",1921,"0.08",NA,NA,NA
"CAMERA","EMILIAROMAGNA",3328327,2395342,71.97,57192,31001,200,"SUD CHIAMA NORD",1601,"0.07",NA,NA,NA
"CAMERA","FRIULIVENEZIA GIULIA",936273,619935,66.21,19633,8427,80,"FRATELLI D'ITALIA CON GIORGIA MELONI, FORZA ITALIA, LEGA PER SALVINI PREMIER, NOI MODERATI/LUPI  TOTI  BRUGNARO  UDC",295157,"49.87","3",3,6
"CAMERA","FRIULIVENEZIA GIULIA",936273,619935,66.21,19633,8427,80,"FRATELLI D'ITALIA CON GIORGIA MELONI",185234,"31.3","2",NA,NA
"CAMERA","FRIULIVENEZIA GIULIA",936273,619935,66.21,19633,8427,80,"LEGA PER SALVINI PREMIER",64806,"10.95","1",NA,NA
"CAMERA","FRIULIVENEZIA GIULIA",936273,619935,66.21,19633,8427,80,"FORZA ITALIA",39599,"6.69",NA,NA,NA
"CAMERA","FRIULIVENEZIA GIULIA",936273,619935,66.21,19633,8427,80,"NOI MODERATI/LUPI  TOTI  BRUGNARO  UDC",5518,"0.93",NA,NA,NA
"CAMERA","FRIULIVENEZIA GIULIA",936273,619935,66.21,19633,8427,80,"PARTITO DEMOCRATICO  ITALIA DEMOCRATICA E PROGRESSISTA, ALLEANZA VERDI E SINISTRA, PiuEuropa, IMPEGNO CIVICO LUIGI DI MAIO  CENTRO DEMOCRATICO",152400,"25.75","1",NA,1
"CAMERA","FRIULIVENEZIA GIULIA",936273,619935,66.21,19633,8427,80,"PARTITO DEMOCRATICO  ITALIA DEMOCRATICA E PROGRESSISTA",108870,"18.4","1",NA,NA
"CAMERA","FRIULIVENEZIA GIULIA",936273,619935,66.21,19633,8427,80,"ALLEANZA VERDI E SINISTRA",21986,"3.72",NA,NA,NA
"CAMERA","FRIULIVENEZIA GIULIA",936273,619935,66.21,19633,8427,80,"PIUEUROPA",19288,"3.26",NA,NA,NA
"CAMERA","FRIULIVENEZIA GIULIA",936273,619935,66.21,19633,8427,80,"IMPEGNO CIVICO LUIGI DI MAIO  CENTRO DEMOCRATICO",2256,"0.38",NA,NA,NA
"CAMERA","FRIULIVENEZIA GIULIA",936273,619935,66.21,19633,8427,80,"AZIONE  ITALIA VIVA  CALENDA",51624,"8.72","1",NA,1
"CAMERA","FRIULIVENEZIA GIULIA",936273,619935,66.21,19633,8427,80,"MOVIMENTO 5 STELLE",42575,"7.19",NA,NA,NA
"CAMERA","FRIULIVENEZIA GIULIA",936273,619935,66.21,19633,8427,80,"ITALEXIT PER L'ITALIA",18966,"3.2",NA,NA,NA
"CAMERA","FRIULIVENEZIA GIULIA",936273,619935,66.21,19633,8427,80,"ITALIA SOVRANA E POPOLARE",11419,"1.93",NA,NA,NA
"CAMERA","FRIULIVENEZIA GIULIA",936273,619935,66.21,19633,8427,80,"VITA",8857,"1.5",NA,NA,NA
"CAMERA","FRIULIVENEZIA GIULIA",936273,619935,66.21,19633,8427,80,"UNIONE POPOLARE CON DE MAGISTRIS",7734,"1.31",NA,NA,NA
"CAMERA","FRIULIVENEZIA GIULIA",936273,619935,66.21,19633,8427,80,"ALTERNATIVA PER L'ITALIA  NO GREEN PASS",2342,"0.4",NA,NA,NA
"CAMERA","FRIULIVENEZIA GIULIA",936273,619935,66.21,19633,8427,80,"MASTELLA NOI DI CENTRO EUROPEISTI",726,"0.12",NA,NA,NA
"CAMERA","LAZIO 1",2867859,1844622,64.32,35605,14636,219,"FRATELLI D'ITALIA CON GIORGIA MELONI, FORZA ITALIA, LEGA PER SALVINI PREMIER, NOI MODERATI/LUPI  TOTI  BRUGNARO  UDC",731889,"40.6","6",7,13
"CAMERA","LAZIO 1",2867859,1844622,64.32,35605,14636,219,"FRATELLI D'ITALIA CON GIORGIA MELONI",539706,"29.94","4",NA,NA
"CAMERA","LAZIO 1",2867859,1844622,64.32,35605,14636,219,"FORZA ITALIA",93761,"5.2","1",NA,NA
"CAMERA","LAZIO 1",2867859,1844622,64.32,35605,14636,219,"LEGA PER SALVINI PREMIER",89770,"4.98","1",NA,NA
"CAMERA","LAZIO 1",2867859,1844622,64.32,35605,14636,219,"NOI MODERATI/LUPI - TOTI - BRUGNARO - UDC",8652,"0.48",NA,NA,NA
"CAMERA","LAZIO 1",2867859,1844622,64.32,35605,14636,219,"PARTITO DEMOCRATICO  ITALIA DEMOCRATICA E PROGRESSISTA, ALLEANZA VERDI E SINISTRA, PiuEuropa, IMPEGNO CIVICO LUIGI DI MAIO  CENTRO DEMOCRATICO",538188,"29.85","5",2,7
"CAMERA","LAZIO 1",2867859,1844622,64.32,35605,14636,219,"PARTITO DEMOCRATICO - ITALIA DEMOCRATICA E PROGRESSISTA",387929,"21.52","4",NA,NA
"CAMERA","LAZIO 1",2867859,1844622,64.32,35605,14636,219,"ALLEANZA VERDI E SINISTRA",79120,"4.39","1",NA,NA
"CAMERA","LAZIO 1",2867859,1844622,64.32,35605,14636,219,"PIUEUROPA",61982,"3.44",NA,NA,NA
"CAMERA","LAZIO 1",2867859,1844622,64.32,35605,14636,219,"IMPEGNO CIVICO LUIGI DI MAIO - CENTRO DEMOCRATICO",9157,"0.51",NA,NA,NA
"CAMERA","LAZIO 1",2867859,1844622,64.32,35605,14636,219,"MOVIMENTO 5 STELLE",266034,"14.76","2",NA,2
"CAMERA","LAZIO 1",2867859,1844622,64.32,35605,14636,219,"AZIONE - ITALIA VIVA - CALENDA",169751,"9.42","2",NA,2
"CAMERA","LAZIO 1",2867859,1844622,64.32,35605,14636,219,"UNIONE POPOLARE CON DE MAGISTRIS",32907,"1.83",NA,NA,NA
"CAMERA","LAZIO 1",2867859,1844622,64.32,35605,14636,219,"ITALEXIT PER L'ITALIA",27991,"1.55",NA,NA,NA
"CAMERA","LAZIO 1",2867859,1844622,64.32,35605,14636,219,"ITALIA SOVRANA E POPOLARE",22827,"1.27",NA,NA,NA
"CAMERA","LAZIO 1",2867859,1844622,64.32,35605,14636,219,"VITA",9351,"0.52",NA,NA,NA
"CAMERA","LAZIO 1",2867859,1844622,64.32,35605,14636,219,"ALTERNATIVA PER L'ITALIA - NO GREEN PASS",2339,"0.13",NA,NA,NA
"CAMERA","LAZIO 1",2867859,1844622,64.32,35605,14636,219,"PARTITO DELLA FOLLIA CREATIVA",1418,"0.08",NA,NA,NA
"CAMERA","LAZIO 2",1483335,938898,63.3,25808,13225,63,"FRATELLI D'ITALIA CON GIORGIA MELONI, FORZA ITALIA, LEGA PER SALVINI PREMIER, NOI MODERATI/LUPI  TOTI  BRUGNARO  UDC",481850,"53.22","4",5,9
"CAMERA","LAZIO 2",1483335,938898,63.3,25808,13225,63,"FRATELLI D'ITALIA CON GIORGIA MELONI",305233,"33.71","2",NA,NA
"CAMERA","LAZIO 2",1483335,938898,63.3,25808,13225,63,"FORZA ITALIA",91779,"10.14","1",NA,NA
"CAMERA","LAZIO 2",1483335,938898,63.3,25808,13225,63,"LEGA PER SALVINI PREMIER",80614,"8.9","1",NA,NA
"CAMERA","LAZIO 2",1483335,938898,63.3,25808,13225,63,"NOI MODERATI/LUPI - TOTI - BRUGNARO - UDC",4224,"0.47",NA,NA,NA
"CAMERA","LAZIO 2",1483335,938898,63.3,25808,13225,63,"PARTITO DEMOCRATICO  ITALIA DEMOCRATICA E PROGRESSISTA, ALLEANZA VERDI E SINISTRA, PiuEuropa, IMPEGNO CIVICO LUIGI DI MAIO  CENTRO DEMOCRATICO",184083,"20.33","2",NA,2
"CAMERA","LAZIO 2",1483335,938898,63.3,25808,13225,63,"PARTITO DEMOCRATICO - ITALIA DEMOCRATICA E PROGRESSISTA",135154,"14.93","2",NA,NA
"CAMERA","LAZIO 2",1483335,938898,63.3,25808,13225,63,"ALLEANZA VERDI E SINISTRA",25452,"2.81",NA,NA,NA
"CAMERA","LAZIO 2",1483335,938898,63.3,25808,13225,63,"PIUEUROPA",18309,"2.02",NA,NA,NA
"CAMERA","LAZIO 2",1483335,938898,63.3,25808,13225,63,"IMPEGNO CIVICO LUIGI DI MAIO - CENTRO DEMOCRATICO",5168,"0.57",NA,NA,NA
"CAMERA","LAZIO 2",1483335,938898,63.3,25808,13225,63,"MOVIMENTO 5 STELLE",140031,"15.47","1",NA,1
"CAMERA","LAZIO 2",1483335,938898,63.3,25808,13225,63,"AZIONE - ITALIA VIVA - CALENDA",56374,"6.23",NA,NA,NA
"CAMERA","LAZIO 2",1483335,938898,63.3,25808,13225,63,"ITALEXIT PER L'ITALIA",17207,"1.9",NA,NA,NA
"CAMERA","LAZIO 2",1483335,938898,63.3,25808,13225,63,"UNIONE POPOLARE CON DE MAGISTRIS",13631,"1.51",NA,NA,NA
"CAMERA","LAZIO 2",1483335,938898,63.3,25808,13225,63,"ITALIA SOVRANA E POPOLARE",12294,"1.36",NA,NA,NA
"CAMERA","LIGURIA",1195266,766987,64.17,22490,9967,67,"FRATELLI D'ITALIA CON GIORGIA MELONI, FORZA ITALIA, LEGA PER SALVINI PREMIER, NOI MODERATI/LUPI  TOTI  BRUGNARO  UDC",309034,"42.08","3",3,6
"CAMERA","LIGURIA",1195266,766987,64.17,22490,9967,67,"FRATELLI D'ITALIA CON GIORGIA MELONI",178198,"24.26","2",NA,NA
"CAMERA","LIGURIA",1195266,766987,64.17,22490,9967,67,"LEGA PER SALVINI PREMIER",68143,"9.28","1",NA,NA
"CAMERA","LIGURIA",1195266,766987,64.17,22490,9967,67,"FORZA ITALIA",47135,"6.42",NA,NA,NA
"CAMERA","LIGURIA",1195266,766987,64.17,22490,9967,67,"NOI MODERATI/LUPI  TOTI  BRUGNARO  UDC",15558,"2.12",NA,NA,NA
"CAMERA","LIGURIA",1195266,766987,64.17,22490,9967,67,"PARTITO DEMOCRATICO  ITALIA DEMOCRATICA E PROGRESSISTA, ALLEANZA VERDI E SINISTRA, PiuEuropa, IMPEGNO CIVICO LUIGI DI MAIO  CENTRO DEMOCRATICO",226805,"30.88","2",1,3
"CAMERA","LIGURIA",1195266,766987,64.17,22490,9967,67,"PARTITO DEMOCRATICO  ITALIA DEMOCRATICA E PROGRESSISTA",166505,"22.67","2",NA,NA
"CAMERA","LIGURIA",1195266,766987,64.17,22490,9967,67,"ALLEANZA VERDI E SINISTRA",32116,"4.37",NA,NA,NA
"CAMERA","LIGURIA",1195266,766987,64.17,22490,9967,67,"PIUEUROPA",24716,"3.37",NA,NA,NA
"CAMERA","LIGURIA",1195266,766987,64.17,22490,9967,67,"IMPEGNO CIVICO LUIGI DI MAIO  CENTRO DEMOCRATICO",3468,"0.47",NA,NA,NA
"CAMERA","LIGURIA",1195266,766987,64.17,22490,9967,67,"MOVIMENTO 5 STELLE",93568,"12.74","1",NA,1
"CAMERA","LIGURIA",1195266,766987,64.17,22490,9967,67,"AZIONE  ITALIA VIVA  CALENDA",54154,"7.37",NA,NA,NA
"CAMERA","LIGURIA",1195266,766987,64.17,22490,9967,67,"ITALEXIT PER L'ITALIA",19117,"2.6",NA,NA,NA
"CAMERA","LIGURIA",1195266,766987,64.17,22490,9967,67,"UNIONE POPOLARE CON DE MAGISTRIS",12801,"1.74",NA,NA,NA
"CAMERA","LIGURIA",1195266,766987,64.17,22490,9967,67,"ITALIA SOVRANA E POPOLARE",12053,"1.64",NA,NA,NA
"CAMERA","LIGURIA",1195266,766987,64.17,22490,9967,67,"VITA",6202,"0.84",NA,NA,NA
"CAMERA","LIGURIA",1195266,766987,64.17,22490,9967,67,"MASTELLA NOI DI CENTRO EUROPEISTI",729,"0.1",NA,NA,NA
"CAMERA","LOMBARDIA 1",2971612,2066014,69.53,43354,19568,538,"FRATELLI D'ITALIA CON GIORGIA MELONI, FORZA ITALIA, LEGA PER SALVINI PREMIER, NOI MODERATI/LUPI  TOTI  BRUGNARO  UDC",867308,"43.31","8",7,15
"CAMERA","LOMBARDIA 1",2971612,2066014,69.53,43354,19568,538,"FRATELLI D'ITALIA CON GIORGIA MELONI",498153,"24.88","5",NA,NA
"CAMERA","LOMBARDIA 1",2971612,2066014,69.53,43354,19568,538,"LEGA PER SALVINI PREMIER",199816,"9.98","2",NA,NA
"CAMERA","LOMBARDIA 1",2971612,2066014,69.53,43354,19568,538,"FORZA ITALIA",148234,"7.4","1",NA,NA
"CAMERA","LOMBARDIA 1",2971612,2066014,69.53,43354,19568,538,"NOI MODERATI/LUPI - TOTI - BRUGNARO - UDC",21105,"1.05",NA,NA,NA
"CAMERA","LOMBARDIA 1",2971612,2066014,69.53,43354,19568,538,"PARTITO DEMOCRATICO  ITALIA DEMOCRATICA E PROGRESSISTA, ALLEANZA VERDI E SINISTRA, PiuEuropa, IMPEGNO CIVICO LUIGI DI MAIO  CENTRO DEMOCRATICO",623311,"31.13","5",2,7
"CAMERA","LOMBARDIA 1",2971612,2066014,69.53,43354,19568,538,"PARTITO DEMOCRATICO - ITALIA DEMOCRATICA E PROGRESSISTA",436481,"21.8","4",NA,NA
"CAMERA","LOMBARDIA 1",2971612,2066014,69.53,43354,19568,538,"ALLEANZA VERDI E SINISTRA",93213,"4.65","1",NA,NA
"CAMERA","LOMBARDIA 1",2971612,2066014,69.53,43354,19568,538,"PIUEUROPA",85130,"4.25",NA,NA,NA
"CAMERA","LOMBARDIA 1",2971612,2066014,69.53,43354,19568,538,"IMPEGNO CIVICO LUIGI DI MAIO - CENTRO DEMOCRATICO",8487,"0.42",NA,NA,NA
"CAMERA","LOMBARDIA 1",2971612,2066014,69.53,43354,19568,538,"AZIONE - ITALIA VIVA - CALENDA",235856,"11.78","2",NA,1
"CAMERA","LOMBARDIA 1",2971612,2066014,69.53,43354,19568,538,"MOVIMENTO 5 STELLE",177990,"8.89","1",NA,1
"CAMERA","LOMBARDIA 1",2971612,2066014,69.53,43354,19568,538,"ITALEXIT PER L'ITALIA",36104,"1.8",NA,NA,NA
"CAMERA","LOMBARDIA 1",2971612,2066014,69.53,43354,19568,538,"UNIONE POPOLARE CON DE MAGISTRIS",26277,"1.31",NA,NA,NA
"CAMERA","LOMBARDIA 1",2971612,2066014,69.53,43354,19568,538,"ITALIA SOVRANA E POPOLARE",22170,"1.11",NA,NA,NA
"CAMERA","LOMBARDIA 1",2971612,2066014,69.53,43354,19568,538,"VITA",11854,"0.59",NA,NA,NA
"CAMERA","LOMBARDIA 1",2971612,2066014,69.53,43354,19568,538,"MASTELLA NOI DI CENTRO EUROPEISTI",1684,"0.08",NA,NA,NA
"CAMERA","LOMBARDIA 2",1649052,1127070,68.35,31492,16520,49,"FRATELLI D'ITALIA CON GIORGIA MELONI, FORZA ITALIA, LEGA PER SALVINI PREMIER, NOI MODERATI/LUPI  TOTI  BRUGNARO  UDC",596079,"55.24","6",5,11
"CAMERA","LOMBARDIA 2",1649052,1127070,68.35,31492,16520,49,"FRATELLI D'ITALIA CON GIORGIA MELONI",326768,"30.28","3",NA,NA
"CAMERA","LOMBARDIA 2",1649052,1127070,68.35,31492,16520,49,"LEGA PER SALVINI PREMIER",168427,"15.61","2",NA,NA
"CAMERA","LOMBARDIA 2",1649052,1127070,68.35,31492,16520,49,"FORZA ITALIA",89586,"8.3","1",NA,NA
"CAMERA","LOMBARDIA 2",1649052,1127070,68.35,31492,16520,49,"NOI MODERATI/LUPI - TOTI - BRUGNARO - UDC",11298,"1.05",NA,NA,NA
"CAMERA","LOMBARDIA 2",1649052,1127070,68.35,31492,16520,49,"PARTITO DEMOCRATICO  ITALIA DEMOCRATICA E PROGRESSISTA, ALLEANZA VERDI E SINISTRA, PiuEuropa, IMPEGNO CIVICO LUIGI DI MAIO  CENTRO DEMOCRATICO",249728,"23.14","2",NA,2
"CAMERA","LOMBARDIA 2",1649052,1127070,68.35,31492,16520,49,"PARTITO DEMOCRATICO - ITALIA DEMOCRATICA E PROGRESSISTA",172356,"15.97","1",NA,NA
"CAMERA","LOMBARDIA 2",1649052,1127070,68.35,31492,16520,49,"ALLEANZA VERDI E SINISTRA",36917,"3.42","1",NA,NA
"CAMERA","LOMBARDIA 2",1649052,1127070,68.35,31492,16520,49,"PIUEUROPA",36901,"3.42",NA,NA,NA
"CAMERA","LOMBARDIA 2",1649052,1127070,68.35,31492,16520,49,"IMPEGNO CIVICO LUIGI DI MAIO - CENTRO DEMOCRATICO",3554,"0.33",NA,NA,NA
"CAMERA","LOMBARDIA 2",1649052,1127070,68.35,31492,16520,49,"AZIONE - ITALIA VIVA - CALENDA",107659,"9.98","1",NA,1
"CAMERA","LOMBARDIA 2",1649052,1127070,68.35,31492,16520,49,"MOVIMENTO 5 STELLE",71227,"6.6",NA,NA,NA
"CAMERA","LOMBARDIA 2",1649052,1127070,68.35,31492,16520,49,"ITALEXIT PER L'ITALIA",21638,"2.01",NA,NA,NA
"CAMERA","LOMBARDIA 2",1649052,1127070,68.35,31492,16520,49,"UNIONE POPOLARE CON DE MAGISTRIS",10006,"0.93",NA,NA,NA
"CAMERA","LOMBARDIA 2",1649052,1127070,68.35,31492,16520,49,"VITA",9089,"0.84",NA,NA,NA
"CAMERA","LOMBARDIA 2",1649052,1127070,68.35,31492,16520,49,"MASTELLA NOI DI CENTRO EUROPEISTI",1426,"0.13",NA,NA,NA
"CAMERA","LOMBARDIA 3",1652489,1214390,73.49,29972,18077,152,"FRATELLI D'ITALIA CON GIORGIA MELONI, FORZA ITALIA, LEGA PER SALVINI PREMIER, NOI MODERATI/LUPI  TOTI  BRUGNARO  UDC",657592,"56.39","6",5,11
"CAMERA","LOMBARDIA 3",1652489,1214390,73.49,29972,18077,152,"FRATELLI D'ITALIA CON GIORGIA MELONI",366787,"31.45","3",NA,NA
"CAMERA","LOMBARDIA 3",1652489,1214390,73.49,29972,18077,152,"LEGA PER SALVINI PREMIER",190804,"16.36","2",NA,NA
"CAMERA","LOMBARDIA 3",1652489,1214390,73.49,29972,18077,152,"FORZA ITALIA",91576,"7.85","1",NA,NA
"CAMERA","LOMBARDIA 3",1652489,1214390,73.49,29972,18077,152,"NOI MODERATI/LUPI - TOTI - BRUGNARO - UDC",8425,"0.72",NA,NA,NA
"CAMERA","LOMBARDIA 3",1652489,1214390,73.49,29972,18077,152,"PARTITO DEMOCRATICO  ITALIA DEMOCRATICA E PROGRESSISTA, ALLEANZA VERDI E SINISTRA, PiuEuropa, IMPEGNO CIVICO LUIGI DI MAIO  CENTRO DEMOCRATICO",272588,"23.37","2",NA,2
"CAMERA","LOMBARDIA 3",1652489,1214390,73.49,29972,18077,152,"PARTITO DEMOCRATICO - ITALIA DEMOCRATICA E PROGRESSISTA",195963,"16.8","2",NA,NA
"CAMERA","LOMBARDIA 3",1652489,1214390,73.49,29972,18077,152,"ALLEANZA VERDI E SINISTRA",39145,"3.36",NA,NA,NA
"CAMERA","LOMBARDIA 3",1652489,1214390,73.49,29972,18077,152,"PIUEUROPA",33916,"2.91",NA,NA,NA
"CAMERA","LOMBARDIA 3",1652489,1214390,73.49,29972,18077,152,"IMPEGNO CIVICO LUIGI DI MAIO - CENTRO DEMOCRATICO",3564,"0.31",NA,NA,NA
"CAMERA","LOMBARDIA 3",1652489,1214390,73.49,29972,18077,152,"AZIONE - ITALIA VIVA - CALENDA",113000,"9.69","1",NA,NA
"CAMERA","LOMBARDIA 3",1652489,1214390,73.49,29972,18077,152,"MOVIMENTO 5 STELLE",67539,"5.79",NA,NA,NA
"CAMERA","LOMBARDIA 3",1652489,1214390,73.49,29972,18077,152,"ITALEXIT PER L'ITALIA",19557,"1.68",NA,NA,NA
"CAMERA","LOMBARDIA 3",1652489,1214390,73.49,29972,18077,152,"UNIONE POPOLARE CON DE MAGISTRIS",12342,"1.06",NA,NA,NA
"CAMERA","LOMBARDIA 3",1652489,1214390,73.49,29972,18077,152,"ITALIA SOVRANA E POPOLARE",11203,"0.96",NA,NA,NA
"CAMERA","LOMBARDIA 3",1652489,1214390,73.49,29972,18077,152,"VITA",11087,"0.95",NA,NA,NA
"CAMERA","LOMBARDIA 3",1652489,1214390,73.49,29972,18077,152,"MASTELLA NOI DI CENTRO EUROPEISTI",1281,"0.11",NA,NA,NA
"CAMERA","LOMBARDIA 4",1231915,852663,69.21,22218,12952,104,"FRATELLI D'ITALIA CON GIORGIA MELONI, FORZA ITALIA, LEGA PER SALVINI PREMIER, NOI MODERATI/LUPI  TOTI  BRUGNARO  UDC",439811,"53.81","4",4,8
"CAMERA","LOMBARDIA 4",1231915,852663,69.21,22218,12952,104,"FRATELLI D'ITALIA CON GIORGIA MELONI",251984,"30.83","2",NA,NA
"CAMERA","LOMBARDIA 4",1231915,852663,69.21,22218,12952,104,"LEGA PER SALVINI PREMIER",112767,"13.8","1",NA,NA
"CAMERA","LOMBARDIA 4",1231915,852663,69.21,22218,12952,104,"FORZA ITALIA",69158,"8.46","1",NA,NA
"CAMERA","LOMBARDIA 4",1231915,852663,69.21,22218,12952,104,"NOI MODERATI/LUPI - TOTI - BRUGNARO - UDC",5902,"0.72",NA,NA,NA
"CAMERA","LOMBARDIA 4",1231915,852663,69.21,22218,12952,104,"PARTITO DEMOCRATICO  ITALIA DEMOCRATICA E PROGRESSISTA, ALLEANZA VERDI E SINISTRA, PiuEuropa, IMPEGNO CIVICO LUIGI DI MAIO  CENTRO DEMOCRATICO",206518,"25.27","2",NA,2
"CAMERA","LOMBARDIA 4",1231915,852663,69.21,22218,12952,104,"PARTITO DEMOCRATICO - ITALIA DEMOCRATICA E PROGRESSISTA",157094,"19.22","2",NA,NA
"CAMERA","LOMBARDIA 4",1231915,852663,69.21,22218,12952,104,"ALLEANZA VERDI E SINISTRA",23664,"2.9",NA,NA,NA
"CAMERA","LOMBARDIA 4",1231915,852663,69.21,22218,12952,104,"PIUEUROPA",22321,"2.73",NA,NA,NA
"CAMERA","LOMBARDIA 4",1231915,852663,69.21,22218,12952,104,"IMPEGNO CIVICO LUIGI DI MAIO - CENTRO DEMOCRATICO",3439,"0.42",NA,NA,NA
"CAMERA","LOMBARDIA 4",1231915,852663,69.21,22218,12952,104,"AZIONE - ITALIA VIVA - CALENDA",65862,"8.06","1",NA,1
"CAMERA","LOMBARDIA 4",1231915,852663,69.21,22218,12952,104,"MOVIMENTO 5 STELLE",62129,"7.6",NA,NA,NA
"CAMERA","LOMBARDIA 4",1231915,852663,69.21,22218,12952,104,"ITALEXIT PER L'ITALIA",16711,"2.04",NA,NA,NA
"CAMERA","LOMBARDIA 4",1231915,852663,69.21,22218,12952,104,"UNIONE POPOLARE CON DE MAGISTRIS",8865,"1.08",NA,NA,NA
"CAMERA","LOMBARDIA 4",1231915,852663,69.21,22218,12952,104,"ITALIA SOVRANA E POPOLARE",8579,"1.05",NA,NA,NA
"CAMERA","LOMBARDIA 4",1231915,852663,69.21,22218,12952,104,"VITA",5273,"0.65",NA,NA,NA
"CAMERA","LOMBARDIA 4",1231915,852663,69.21,22218,12952,104,"ALTERNATIVA PER L'ITALIA - NO GREEN PASS",2133,"0.26",NA,NA,NA
"CAMERA","LOMBARDIA 4",1231915,852663,69.21,22218,12952,104,"FREE",828,"0.1",NA,NA,NA
"CAMERA","LOMBARDIA 4",1231915,852663,69.21,22218,12952,104,"MASTELLA NOI DI CENTRO EUROPEISTI",680,"0.08",NA,NA,NA
"CAMERA","MARCHE",1165397,797050,68.39,21699,13136,58,"FRATELLI D'ITALIA CON GIORGIA MELONI, FORZA ITALIA, LEGA PER SALVINI PREMIER, NOI MODERATI/LUPI  TOTI  BRUGNARO  UDC",340128,"44.63","3",4,7
"CAMERA","MARCHE",1165397,797050,68.39,21699,13136,58,"FRATELLI D'ITALIA CON GIORGIA MELONI",222116,"29.14","2",NA,NA
"CAMERA","MARCHE",1165397,797050,68.39,21699,13136,58,"LEGA PER SALVINI PREMIER",60379,"7.92","1",NA,NA
"CAMERA","MARCHE",1165397,797050,68.39,21699,13136,58,"FORZA ITALIA",51713,"6.79",NA,NA,NA
"CAMERA","MARCHE",1165397,797050,68.39,21699,13136,58,"NOI MODERATI/LUPI  TOTI  BRUGNARO  UDC",5920,"0.78",NA,NA,NA
"CAMERA","MARCHE",1165397,797050,68.39,21699,13136,58,"PARTITO DEMOCRATICO  ITALIA DEMOCRATICA E PROGRESSISTA, ALLEANZA VERDI E SINISTRA, PiuEuropa, IMPEGNO CIVICO LUIGI DI MAIO  CENTRO DEMOCRATICO",203383,"26.69","2",NA,2
"CAMERA","MARCHE",1165397,797050,68.39,21699,13136,58,"PARTITO DEMOCRATICO  ITALIA DEMOCRATICA E PROGRESSISTA",155263,"20.37","2",NA,NA
"CAMERA","MARCHE",1165397,797050,68.39,21699,13136,58,"ALLEANZA VERDI E SINISTRA",25348,"3.33",NA,NA,NA
"CAMERA","MARCHE",1165397,797050,68.39,21699,13136,58,"PIUEUROPA",19110,"2.51",NA,NA,NA
"CAMERA","MARCHE",1165397,797050,68.39,21699,13136,58,"IMPEGNO CIVICO LUIGI DI MAIO  CENTRO DEMOCRATICO",3662,"0.48",NA,NA,NA
"CAMERA","MARCHE",1165397,797050,68.39,21699,13136,58,"MOVIMENTO 5 STELLE",103594,"13.59","1",NA,1
"CAMERA","MARCHE",1165397,797050,68.39,21699,13136,58,"AZIONE  ITALIA VIVA  CALENDA",56429,"7.4",NA,NA,NA
"CAMERA","MARCHE",1165397,797050,68.39,21699,13136,58,"ITALEXIT PER L'ITALIA",20066,"2.63",NA,NA,NA
"CAMERA","MARCHE",1165397,797050,68.39,21699,13136,58,"ITALIA SOVRANA E POPOLARE",10743,"1.41",NA,NA,NA
"CAMERA","MARCHE",1165397,797050,68.39,21699,13136,58,"UNIONE POPOLARE CON DE MAGISTRIS",10418,"1.37",NA,NA,NA
"CAMERA","MARCHE",1165397,797050,68.39,21699,13136,58,"PARTITO COMUNISTA ITALIANO",8224,"1.08",NA,NA,NA
"CAMERA","MARCHE",1165397,797050,68.39,21699,13136,58,"VITA",6488,"0.85",NA,NA,NA
"CAMERA","MARCHE",1165397,797050,68.39,21699,13136,58,"ALTERNATIVA PER L'ITALIA  NO GREEN PASS",2688,"0.35",NA,NA,NA
"CAMERA","MOLISE",243884,138023,56.59,5375,3410,NA,"FRATELLI D'ITALIA CON GIORGIA MELONI, FORZA ITALIA, LEGA PER SALVINI PREMIER, NOI MODERATI/LUPI  TOTI  BRUGNARO  UDC",55472,"42.9",NA,1,1
"CAMERA","MOLISE",243884,138023,56.59,5375,3410,NA,"FRATELLI D'ITALIA CON GIORGIA MELONI",27632,"21.37",NA,NA,NA
"CAMERA","MOLISE",243884,138023,56.59,5375,3410,NA,"FORZA ITALIA",14701,"11.37",NA,NA,NA
"CAMERA","MOLISE",243884,138023,56.59,5375,3410,NA,"LEGA PER SALVINI PREMIER",11042,"8.54",NA,NA,NA
"CAMERA","MOLISE",243884,138023,56.59,5375,3410,NA,"NOI MODERATI/LUPI  TOTI  BRUGNARO  UDC",2097,"1.62",NA,NA,NA
"CAMERA","MOLISE",243884,138023,56.59,5375,3410,NA,"MOVIMENTO 5 STELLE",31441,"24.32",NA,NA,NA
"CAMERA","MOLISE",243884,138023,56.59,5375,3410,NA,"PARTITO DEMOCRATICO  ITALIA DEMOCRATICA E PROGRESSISTA, ALLEANZA VERDI E SINISTRA, PiuEuropa, IMPEGNO CIVICO LUIGI DI MAIO  CENTRO DEMOCRATICO",30189,"23.35","1",NA,1
"CAMERA","MOLISE",243884,138023,56.59,5375,3410,NA,"PARTITO DEMOCRATICO  ITALIA DEMOCRATICA E PROGRESSISTA",23444,"18.13","1",NA,NA
"CAMERA","MOLISE",243884,138023,56.59,5375,3410,NA,"ALLEANZA VERDI E SINISTRA",3815,"2.95",NA,NA,NA
"CAMERA","MOLISE",243884,138023,56.59,5375,3410,NA,"PIUEUROPA",2043,"1.58",NA,NA,NA
"CAMERA","MOLISE",243884,138023,56.59,5375,3410,NA,"IMPEGNO CIVICO LUIGI DI MAIO  CENTRO DEMOCRATICO",887,"0.69",NA,NA,NA
"CAMERA","MOLISE",243884,138023,56.59,5375,3410,NA,"AZIONE  ITALIA VIVA  CALENDA",6250,"4.83",NA,NA,NA
"CAMERA","MOLISE",243884,138023,56.59,5375,3410,NA,"UNIONE POPOLARE CON DE MAGISTRIS",2306,"1.78",NA,NA,NA
"CAMERA","MOLISE",243884,138023,56.59,5375,3410,NA,"ITALIA SOVRANA E POPOLARE",2128,"1.65",NA,NA,NA
"CAMERA","MOLISE",243884,138023,56.59,5375,3410,NA,"MASTELLA NOI DI CENTRO EUROPEISTI",1516,"1.17",NA,NA,NA
"CAMERA","PIEMONTE 1",1723921,1139749,66.11,36354,11266,137,"FRATELLI D'ITALIA CON GIORGIA MELONI, FORZA ITALIA, LEGA PER SALVINI PREMIER, NOI MODERATI/LUPI  TOTI  BRUGNARO  UDC",435080,"39.84","4",4,8
"CAMERA","PIEMONTE 1",1723921,1139749,66.11,36354,11266,137,"FRATELLI D'ITALIA CON GIORGIA MELONI",260708,"23.87","2",NA,NA
"CAMERA","PIEMONTE 1",1723921,1139749,66.11,36354,11266,137,"LEGA PER SALVINI PREMIER",93326,"8.55","1",NA,NA
"CAMERA","PIEMONTE 1",1723921,1139749,66.11,36354,11266,137,"FORZA ITALIA",74640,"6.84","1",NA,NA
"CAMERA","PIEMONTE 1",1723921,1139749,66.11,36354,11266,137,"NOI MODERATI/LUPI - TOTI - BRUGNARO - UDC",6406,"0.59",NA,NA,NA
"CAMERA","PIEMONTE 1",1723921,1139749,66.11,36354,11266,137,"PARTITO DEMOCRATICO  ITALIA DEMOCRATICA E PROGRESSISTA, ALLEANZA VERDI E SINISTRA, PiuEuropa, IMPEGNO CIVICO LUIGI DI MAIO  CENTRO DEMOCRATICO",349852,"32.04","4",1,5
"CAMERA","PIEMONTE 1",1723921,1139749,66.11,36354,11266,137,"PARTITO DEMOCRATICO - ITALIA DEMOCRATICA E PROGRESSISTA",240909,"22.06","3",NA,NA
"CAMERA","PIEMONTE 1",1723921,1139749,66.11,36354,11266,137,"ALLEANZA VERDI E SINISTRA",53840,"4.93","1",NA,NA
"CAMERA","PIEMONTE 1",1723921,1139749,66.11,36354,11266,137,"PIUEUROPA",49956,"4.57",NA,NA,NA
"CAMERA","PIEMONTE 1",1723921,1139749,66.11,36354,11266,137,"IMPEGNO CIVICO LUIGI DI MAIO - CENTRO DEMOCRATICO",5147,"0.47",NA,NA,NA
"CAMERA","PIEMONTE 1",1723921,1139749,66.11,36354,11266,137,"MOVIMENTO 5 STELLE",136313,"12.48","1",NA,1
"CAMERA","PIEMONTE 1",1723921,1139749,66.11,36354,11266,137,"AZIONE - ITALIA VIVA - CALENDA",98831,"9.05","1",NA,1
"CAMERA","PIEMONTE 1",1723921,1139749,66.11,36354,11266,137,"ITALEXIT PER L'ITALIA",26186,"2.4",NA,NA,NA
"CAMERA","PIEMONTE 1",1723921,1139749,66.11,36354,11266,137,"UNIONE POPOLARE CON DE MAGISTRIS",18152,"1.66",NA,NA,NA
"CAMERA","PIEMONTE 1",1723921,1139749,66.11,36354,11266,137,"ITALIA SOVRANA E POPOLARE",17008,"1.56",NA,NA,NA
"CAMERA","PIEMONTE 1",1723921,1139749,66.11,36354,11266,137,"VITA",10570,"0.97",NA,NA,NA
"CAMERA","PIEMONTE 2",1596516,1063448,66.61,38060,15878,68,"FRATELLI D'ITALIA CON GIORGIA MELONI, FORZA ITALIA, LEGA PER SALVINI PREMIER, NOI MODERATI/LUPI  TOTI  BRUGNARO  UDC",535673,"53.07","5",5,10
"CAMERA","PIEMONTE 2",1596516,1063448,66.61,38060,15878,68,"FRATELLI D'ITALIA CON GIORGIA MELONI",306918,"30.4","3",NA,NA
"CAMERA","PIEMONTE 2",1596516,1063448,66.61,38060,15878,68,"LEGA PER SALVINI PREMIER",131067,"12.98","1",NA,NA
"CAMERA","PIEMONTE 2",1596516,1063448,66.61,38060,15878,68,"FORZA ITALIA",91128,"9.03","1",NA,NA
"CAMERA","PIEMONTE 2",1596516,1063448,66.61,38060,15878,68,"NOI MODERATI/LUPI - TOTI - BRUGNARO - UDC",6560,"0.65","-",NA,NA
"CAMERA","PIEMONTE 2",1596516,1063448,66.61,38060,15878,68,"PARTITO DEMOCRATICO  ITALIA DEMOCRATICA E PROGRESSISTA, ALLEANZA VERDI E SINISTRA, PiuEuropa, IMPEGNO CIVICO LUIGI DI MAIO  CENTRO DEMOCRATICO",250108,"24.78","2",NA,2
"CAMERA","PIEMONTE 2",1596516,1063448,66.61,38060,15878,68,"PARTITO DEMOCRATICO - ITALIA DEMOCRATICA E PROGRESSISTA",178530,"17.69","2",NA,NA
"CAMERA","PIEMONTE 2",1596516,1063448,66.61,38060,15878,68,"PIUEUROPA",35859,"3.55",NA,NA,NA
"CAMERA","PIEMONTE 2",1596516,1063448,66.61,38060,15878,68,"ALLEANZA VERDI E SINISTRA",31331,"3.1",NA,NA,NA
"CAMERA","PIEMONTE 2",1596516,1063448,66.61,38060,15878,68,"IMPEGNO CIVICO LUIGI DI MAIO - CENTRO DEMOCRATICO",4388,"0.43",NA,NA,NA
"CAMERA","PIEMONTE 2",1596516,1063448,66.61,38060,15878,68,"AZIONE - ITALIA VIVA - CALENDA",87323,"8.65","1",NA,1
"CAMERA","PIEMONTE 2",1596516,1063448,66.61,38060,15878,68,"MOVIMENTO 5 STELLE",81873,"8.11","1",NA,1
"CAMERA","PIEMONTE 2",1596516,1063448,66.61,38060,15878,68,"ITALEXIT PER L'ITALIA",26493,"2.62",NA,NA,NA
"CAMERA","PIEMONTE 2",1596516,1063448,66.61,38060,15878,68,"ITALIA SOVRANA E POPOLARE",16460,"1.63",NA,NA,NA
"CAMERA","PIEMONTE 2",1596516,1063448,66.61,38060,15878,68,"UNIONE POPOLARE CON DE MAGISTRIS",11512,"1.14",NA,NA,NA
"CAMERA","PUGLIA",3217704,1819782,56.56,48572,28307,101,"FRATELLI D'ITALIA CON GIORGIA MELONI",409527,"23.5","4",NA,NA
"CAMERA","PUGLIA",3217704,1819782,56.56,48572,28307,101,"FORZA ITALIA",200559,"11.51","2",NA,NA
"CAMERA","PUGLIA",3217704,1819782,56.56,48572,28307,101,"LEGA PER SALVINI PREMIER",92046,"5.28","1",NA,NA
"CAMERA","PUGLIA",3217704,1819782,56.56,48572,28307,101,"NOI MODERATI/LUPI  TOTI  BRUGNARO  UDC",13585,"0.78",NA,NA,NA
"CAMERA","PUGLIA",3217704,1819782,56.56,48572,28307,101,"MOVIMENTO 5 STELLE",487348,"27.96","5",1,6
"CAMERA","PUGLIA",3217704,1819782,56.56,48572,28307,101,"PARTITO DEMOCRATICO  ITALIA DEMOCRATICA E PROGRESSISTA, ALLEANZA VERDI E SINISTRA, PiuEuropa, IMPEGNO CIVICO LUIGI DI MAIO  CENTRO DEMOCRATICO",392011,"22.49","4",NA,4
"CAMERA","PUGLIA",3217704,1819782,56.56,48572,28307,101,"PARTITO DEMOCRATICO  ITALIA DEMOCRATICA E PROGRESSISTA",293188,"16.82","3",NA,NA
"CAMERA","PUGLIA",3217704,1819782,56.56,48572,28307,101,"ALLEANZA VERDI E SINISTRA",52935,"3.04","1",NA,NA
"CAMERA","PUGLIA",3217704,1819782,56.56,48572,28307,101,"PIUEUROPA",33483,"1.92",NA,NA,NA
"CAMERA","PUGLIA",3217704,1819782,56.56,48572,28307,101,"IMPEGNO CIVICO LUIGI DI MAIO  CENTRO DEMOCRATICO",12405,"0.71",NA,NA,NA
"CAMERA","PUGLIA",3217704,1819782,56.56,48572,28307,101,"AZIONE  ITALIA VIVA  CALENDA",83960,"4.82","1",NA,1
"CAMERA","PUGLIA",3217704,1819782,56.56,48572,28307,101,"ITALEXIT PER L'ITALIA",25509,"1.46",NA,NA,NA
"CAMERA","PUGLIA",3217704,1819782,56.56,48572,28307,101,"UNIONE POPOLARE CON DE MAGISTRIS",19481,"1.12",NA,NA,NA
"CAMERA","PUGLIA",3217704,1819782,56.56,48572,28307,101,"ITALIA SOVRANA E POPOLARE",18781,"1.08",NA,NA,NA
"CAMERA","SARDEGNA",1342551,713774,53.17,18449,9713,40,"FRATELLI D'ITALIA CON GIORGIA MELONI, FORZA ITALIA, LEGA PER SALVINI PREMIER, NOI MODERATI/LUPI  TOTI  BRUGNARO  UDC",277799,"40.52","3",4,7
"CAMERA","SARDEGNA",1342551,713774,53.17,18449,9713,40,"FRATELLI D'ITALIA CON GIORGIA MELONI",161696,"23.59","2",NA,NA
"CAMERA","SARDEGNA",1342551,713774,53.17,18449,9713,40,"FORZA ITALIA",58531,"8.54","1",NA,NA
"CAMERA","SARDEGNA",1342551,713774,53.17,18449,9713,40,"LEGA PER SALVINI PREMIER",43061,"6.28",NA,NA,NA
"CAMERA","SARDEGNA",1342551,713774,53.17,18449,9713,40,"NOI MODERATI/LUPI  TOTI  BRUGNARO  UDC",14511,"2.12",NA,NA,NA
"CAMERA","SARDEGNA",1342551,713774,53.17,18449,9713,40,"PARTITO DEMOCRATICO  ITALIA DEMOCRATICA E PROGRESSISTA, ALLEANZA VERDI E SINISTRA, PiuEuropa, IMPEGNO CIVICO LUIGI DI MAIO  CENTRO DEMOCRATICO",184854,"26.96","2",NA,2
"CAMERA","SARDEGNA",1342551,713774,53.17,18449,9713,40,"PARTITO DEMOCRATICO  ITALIA DEMOCRATICA E PROGRESSISTA",127438,"18.59","1",NA,NA
"CAMERA","SARDEGNA",1342551,713774,53.17,18449,9713,40,"ALLEANZA VERDI E SINISTRA",35780,"5.22","1",NA,NA
"CAMERA","SARDEGNA",1342551,713774,53.17,18449,9713,40,"PIUEUROPA",15431,"2.25",NA,NA,NA
"CAMERA","SARDEGNA",1342551,713774,53.17,18449,9713,40,"IMPEGNO CIVICO LUIGI DI MAIO  CENTRO DEMOCRATICO",6205,"0.91",NA,NA,NA
"CAMERA","SARDEGNA",1342551,713774,53.17,18449,9713,40,"MOVIMENTO 5 STELLE",149477,"21.8","2",NA,2
"CAMERA","SARDEGNA",1342551,713774,53.17,18449,9713,40,"AZIONE  ITALIA VIVA  CALENDA",31593,"4.61",NA,NA,NA
"CAMERA","SARDEGNA",1342551,713774,53.17,18449,9713,40,"ITALEXIT PER L'ITALIA",16669,"2.43",NA,NA,NA
"CAMERA","SARDEGNA",1342551,713774,53.17,18449,9713,40,"UNIONE POPOLARE CON DE MAGISTRIS",10762,"1.57",NA,NA,NA
"CAMERA","SARDEGNA",1342551,713774,53.17,18449,9713,40,"ITALIA SOVRANA E POPOLARE",10575,"1.54",NA,NA,NA
"CAMERA","SARDEGNA",1342551,713774,53.17,18449,9713,40,"VITA",3858,"0.56",NA,NA,NA
"CAMERA","SICILIA 1",1847713,1009046,54.61,43580,52977,14,"FRATELLI D'ITALIA CON GIORGIA MELONI, FORZA ITALIA, LEGA PER SALVINI PREMIER, NOI MODERATI/LUPI  TOTI  BRUGNARO  UDC",328681,"35.08","3",5,8
"CAMERA","SICILIA 1",1847713,1009046,54.61,43580,52977,14,"FRATELLI D'ITALIA CON GIORGIA MELONI",167501,"17.88","2",NA,NA
"CAMERA","SICILIA 1",1847713,1009046,54.61,43580,52977,14,"FORZA ITALIA",108387,"11.57","1",NA,NA
"CAMERA","SICILIA 1",1847713,1009046,54.61,43580,52977,14,"LEGA PER SALVINI PREMIER",44169,"4.71",NA,NA,NA
"CAMERA","SICILIA 1",1847713,1009046,54.61,43580,52977,14,"NOI MODERATI/LUPI - TOTI - BRUGNARO - UDC",8624,"0.92",NA,NA,NA
"CAMERA","SICILIA 1",1847713,1009046,54.61,43580,52977,14,"MOVIMENTO 5 STELLE",288120,"30.75","3",1,4
"CAMERA","SICILIA 1",1847713,1009046,54.61,43580,52977,14,"PARTITO DEMOCRATICO  ITALIA DEMOCRATICA E PROGRESSISTA, ALLEANZA VERDI E SINISTRA, PiuEuropa, IMPEGNO CIVICO LUIGI DI MAIO  CENTRO DEMOCRATICO",158517,"16.92","2",NA,2
"CAMERA","SICILIA 1",1847713,1009046,54.61,43580,52977,14,"PARTITO DEMOCRATICO - ITALIA DEMOCRATICA E PROGRESSISTA",114475,"12.22","2",NA,NA
"CAMERA","SICILIA 1",1847713,1009046,54.61,43580,52977,14,"ALLEANZA VERDI E SINISTRA",19731,"2.11",NA,NA,NA
"CAMERA","SICILIA 1",1847713,1009046,54.61,43580,52977,14,"PIUEUROPA",17234,"1.84",NA,NA,NA
"CAMERA","SICILIA 1",1847713,1009046,54.61,43580,52977,14,"IMPEGNO CIVICO LUIGI DI MAIO - CENTRO DEMOCRATICO",7077,"0.76",NA,NA,NA
"CAMERA","SICILIA 1",1847713,1009046,54.61,43580,52977,14,"SUD CHIAMA NORD",75106,"8.02",NA,NA,NA
"CAMERA","SICILIA 1",1847713,1009046,54.61,43580,52977,14,"AZIONE - ITALIA VIVA - CALENDA",53189,"5.68","1",NA,1
"CAMERA","SICILIA 1",1847713,1009046,54.61,43580,52977,14,"ITALEXIT PER L'ITALIA",14507,"1.55",NA,NA,NA
"CAMERA","SICILIA 1",1847713,1009046,54.61,43580,52977,14,"ITALIA SOVRANA E POPOLARE",10433,"1.11",NA,NA,NA
"CAMERA","SICILIA 1",1847713,1009046,54.61,43580,52977,14,"UNIONE POPOLARE CON DE MAGISTRIS",8328,"0.89",NA,NA,NA
"CAMERA","SICILIA 2",2073862,1196984,57.72,45713,59542,85,"FRATELLI D'ITALIA CON GIORGIA MELONI, FORZA ITALIA, LEGA PER SALVINI PREMIER, NOI MODERATI/LUPI  TOTI  BRUGNARO  UDC",407056,"37.07","5",5,10
"CAMERA","SICILIA 2",2073862,1196984,57.72,45713,59542,85,"FRATELLI D'ITALIA CON GIORGIA MELONI",220697,"20.1","3",NA,NA
"CAMERA","SICILIA 2",2073862,1196984,57.72,45713,59542,85,"FORZA ITALIA",119670,"10.9","1",NA,NA
"CAMERA","SICILIA 2",2073862,1196984,57.72,45713,59542,85,"LEGA PER SALVINI PREMIER",59019,"5.37","1",NA,NA
"CAMERA","SICILIA 2",2073862,1196984,57.72,45713,59542,85,"NOI MODERATI/LUPI - TOTI - BRUGNARO - UDC",7670,"0.7",NA,NA,NA
"CAMERA","SICILIA 2",2073862,1196984,57.72,45713,59542,85,"MOVIMENTO 5 STELLE",285306,"25.98","3",NA,3
"CAMERA","SICILIA 2",2073862,1196984,57.72,45713,59542,85,"PARTITO DEMOCRATICO  ITALIA DEMOCRATICA E PROGRESSISTA, ALLEANZA VERDI E SINISTRA, PiuEuropa, IMPEGNO CIVICO LUIGI DI MAIO  CENTRO DEMOCRATICO",175644,"16","2",NA,2
"CAMERA","SICILIA 2",2073862,1196984,57.72,45713,59542,85,"PARTITO DEMOCRATICO - ITALIA DEMOCRATICA E PROGRESSISTA",126962,"11.56","2",NA,NA
"CAMERA","SICILIA 2",2073862,1196984,57.72,45713,59542,85,"ALLEANZA VERDI E SINISTRA",22344,"2.03",NA,NA,NA
"CAMERA","SICILIA 2",2073862,1196984,57.72,45713,59542,85,"PIUEUROPA",17857,"1.63",NA,NA,NA
"CAMERA","SICILIA 2",2073862,1196984,57.72,45713,59542,85,"IMPEGNO CIVICO LUIGI DI MAIO - CENTRO DEMOCRATICO",8481,"0.77",NA,NA,NA
"CAMERA","SICILIA 2",2073862,1196984,57.72,45713,59542,85,"SUD CHIAMA NORD",132390,"12.06",NA,1,1
"CAMERA","SICILIA 2",2073862,1196984,57.72,45713,59542,85,"AZIONE - ITALIA VIVA - CALENDA",50864,"4.63","1",NA,1
"CAMERA","SICILIA 2",2073862,1196984,57.72,45713,59542,85,"ITALEXIT PER L'ITALIA",20789,"1.89",NA,NA,NA
"CAMERA","SICILIA 2",2073862,1196984,57.72,45713,59542,85,"ITALIA SOVRANA E POPOLARE",11226,"1.02",NA,NA,NA
"CAMERA","SICILIA 2",2073862,1196984,57.72,45713,59542,85,"UNIONE POPOLARE CON DE MAGISTRIS",10828,"0.99",NA,NA,NA
"CAMERA","SICILIA 2",2073862,1196984,57.72,45713,59542,85,"VITA",3945,"0.36",NA,NA,NA
"CAMERA","TOSCANA",2811953,1961284,69.75,58167,25051,169,"FRATELLI D'ITALIA CON GIORGIA MELONI, FORZA ITALIA, LEGA PER SALVINI PREMIER, NOI MODERATI/LUPI  TOTI  BRUGNARO  UDC",724492,"38.58","6",7,13
"CAMERA","TOSCANA",2811953,1961284,69.75,58167,25051,169,"FRATELLI D'ITALIA CON GIORGIA MELONI",487339,"25.95","4",NA,NA
"CAMERA","TOSCANA",2811953,1961284,69.75,58167,25051,169,"LEGA PER SALVINI PREMIER",123321,"6.57","1",NA,NA
"CAMERA","TOSCANA",2811953,1961284,69.75,58167,25051,169,"FORZA ITALIA",104703,"5.58","1",NA,NA
"CAMERA","TOSCANA",2811953,1961284,69.75,58167,25051,169,"NOI MODERATI/LUPI  TOTI  BRUGNARO  UDC",9129,"0.49",NA,NA,NA
"CAMERA","TOSCANA",2811953,1961284,69.75,58167,25051,169,"PARTITO DEMOCRATICO  ITALIA DEMOCRATICA E PROGRESSISTA, ALLEANZA VERDI E SINISTRA, PiuEuropa, IMPEGNO CIVICO LUIGI DI MAIO  CENTRO DEMOCRATICO",650552,"34.64","5",2,7
"CAMERA","TOSCANA",2811953,1961284,69.75,58167,25051,169,"PARTITO DEMOCRATICO  ITALIA DEMOCRATICA E PROGRESSISTA",495529,"26.39","4",NA,NA
"CAMERA","TOSCANA",2811953,1961284,69.75,58167,25051,169,"ALLEANZA VERDI E SINISTRA",92584,"4.93","1",NA,NA
"CAMERA","TOSCANA",2811953,1961284,69.75,58167,25051,169,"PIUEUROPA",54389,"2.9",NA,NA,NA
"CAMERA","TOSCANA",2811953,1961284,69.75,58167,25051,169,"IMPEGNO CIVICO LUIGI DI MAIO  CENTRO DEMOCRATICO",8050,"0.43",NA,NA,NA
"CAMERA","TOSCANA",2811953,1961284,69.75,58167,25051,169,"MOVIMENTO 5 STELLE",209240,"11.14","2",NA,2
"CAMERA","TOSCANA",2811953,1961284,69.75,58167,25051,169,"AZIONE  ITALIA VIVA  CALENDA",176523,"9.4","2",NA,2
"CAMERA","TOSCANA",2811953,1961284,69.75,58167,25051,169,"UNIONE POPOLARE CON DE MAGISTRIS",42072,"2.24",NA,NA,NA
"CAMERA","TOSCANA",2811953,1961284,69.75,58167,25051,169,"ITALEXIT PER L'ITALIA",32262,"1.72",NA,NA,NA
"CAMERA","TOSCANA",2811953,1961284,69.75,58167,25051,169,"ITALIA SOVRANA E POPOLARE",29169,"1.55",NA,NA,NA
"CAMERA","TOSCANA",2811953,1961284,69.75,58167,25051,169,"VITA",13584,"0.72",NA,NA,NA
"CAMERA","TRENTINO-ALTO ADIGE/S†DTIROL",811006,535594,66.04,16196,13817,97,"FRATELLI D'ITALIA CON GIORGIA MELONI, FORZA ITALIA, LEGA PER SALVINI PREMIER, NOI MODERATI/LUPI  TOTI  BRUGNARO  UDC",157622,"31.18","1",2,3
"CAMERA","TRENTINO-ALTO ADIGE/S†DTIROL",811006,535594,66.04,16196,13817,97,"FRATELLI D'ITALIA CON GIORGIA MELONI",94823,"18.76","1",NA,NA
"CAMERA","TRENTINO-ALTO ADIGE/S†DTIROL",811006,535594,66.04,16196,13817,97,"LEGA PER SALVINI PREMIER",43109,"8.53",NA,NA,NA
"CAMERA","TRENTINO-ALTO ADIGE/S†DTIROL",811006,535594,66.04,16196,13817,97,"FORZA ITALIA",16945,"3.35",NA,NA,NA
"CAMERA","TRENTINO-ALTO ADIGE/S†DTIROL",811006,535594,66.04,16196,13817,97,"NOI MODERATI/LUPI - TOTI - BRUGNARO - UDC",2745,"0.54",NA,NA,NA
"CAMERA","TRENTINO-ALTO ADIGE/S†DTIROL",811006,535594,66.04,16196,13817,97,"PARTITO DEMOCRATICO  ITALIA DEMOCRATICA E PROGRESSISTA, ALLEANZA VERDI E SINISTRA, PiuEuropa, IMPEGNO CIVICO LUIGI DI MAIO  CENTRO DEMOCRATICO",132938,"26.3","1",NA,1
"CAMERA","TRENTINO-ALTO ADIGE/S†DTIROL",811006,535594,66.04,16196,13817,97,"PARTITO DEMOCRATICO - ITALIA DEMOCRATICA E PROGRESSISTA",86459,"17.1","1",NA,NA
"CAMERA","TRENTINO-ALTO ADIGE/S†DTIROL",811006,535594,66.04,16196,13817,97,"ALLEANZA VERDI E SINISTRA",29599,"5.86",NA,NA,NA
"CAMERA","TRENTINO-ALTO ADIGE/S†DTIROL",811006,535594,66.04,16196,13817,97,"PIUEUROPA",14930,"2.95",NA,NA,NA
"CAMERA","TRENTINO-ALTO ADIGE/S†DTIROL",811006,535594,66.04,16196,13817,97,"IMPEGNO CIVICO LUIGI DI MAIO - CENTRO DEMOCRATICO",1950,"0.39",NA,NA,NA
"CAMERA","TRENTINO-ALTO ADIGE/S†DTIROL",811006,535594,66.04,16196,13817,97,"S†DTIROLER VOLKSPARTEI (SVP) - PATT",117010,"23.15","1",2,3
"CAMERA","TRENTINO-ALTO ADIGE/S†DTIROL",811006,535594,66.04,16196,13817,97,"AZIONE - ITALIA VIVA - CALENDA",30678,"6.07",NA,NA,NA
"CAMERA","TRENTINO-ALTO ADIGE/S†DTIROL",811006,535594,66.04,16196,13817,97,"MOVIMENTO 5 STELLE",25394,"5.02",NA,NA,NA
"CAMERA","TRENTINO-ALTO ADIGE/S†DTIROL",811006,535594,66.04,16196,13817,97,"VITA",22331,"4.42",NA,NA,NA
"CAMERA","TRENTINO-ALTO ADIGE/S†DTIROL",811006,535594,66.04,16196,13817,97,"ITALEXIT PER L'ITALIA",8754,"1.73",NA,NA,NA
"CAMERA","TRENTINO-ALTO ADIGE/S†DTIROL",811006,535594,66.04,16196,13817,97,"ITALIA SOVRANA E POPOLARE",6426,"1.27",NA,NA,NA
"CAMERA","TRENTINO-ALTO ADIGE/S†DTIROL",811006,535594,66.04,16196,13817,97,"UNIONE POPOLARE CON DE MAGISTRIS",4331,"0.86",NA,NA,NA
"CAMERA","UMBRIA",662094,455740,68.83,12954,6823,40,"FRATELLI D'ITALIA CON GIORGIA MELONI, FORZA ITALIA, LEGA PER SALVINI PREMIER, NOI MODERATI/LUPI  TOTI  BRUGNARO  UDC",199731,"45.82","2",2,4
"CAMERA","UMBRIA",662094,455740,68.83,12954,6823,40,"FRATELLI D'ITALIA CON GIORGIA MELONI",134357,"30.82","2",NA,NA
"CAMERA","UMBRIA",662094,455740,68.83,12954,6823,40,"LEGA PER SALVINI PREMIER",33776,"7.75",NA,NA,NA
"CAMERA","UMBRIA",662094,455740,68.83,12954,6823,40,"FORZA ITALIA",29789,"6.83",NA,NA,NA
"CAMERA","UMBRIA",662094,455740,68.83,12954,6823,40,"NOI MODERATI/LUPI  TOTI  BRUGNARO  UDC",1809,"0.41",NA,NA,NA
"CAMERA","UMBRIA",662094,455740,68.83,12954,6823,40,"PARTITO DEMOCRATICO  ITALIA DEMOCRATICA E PROGRESSISTA, ALLEANZA VERDI E SINISTRA, PiuEuropa, IMPEGNO CIVICO LUIGI DI MAIO  CENTRO DEMOCRATICO",117247,"26.9","2",NA,2
"CAMERA","UMBRIA",662094,455740,68.83,12954,6823,40,"PARTITO DEMOCRATICO  ITALIA DEMOCRATICA E PROGRESSISTA",91052,"20.89","2",NA,NA
"CAMERA","UMBRIA",662094,455740,68.83,12954,6823,40,"ALLEANZA VERDI E SINISTRA",15422,"3.54",NA,NA,NA
"CAMERA","UMBRIA",662094,455740,68.83,12954,6823,40,"PIUEUROPA",9172,"2.1",NA,NA,NA
"CAMERA","UMBRIA",662094,455740,68.83,12954,6823,40,"IMPEGNO CIVICO LUIGI DI MAIO  CENTRO DEMOCRATICO",1601,"0.37",NA,NA,NA
"CAMERA","UMBRIA",662094,455740,68.83,12954,6823,40,"MOVIMENTO 5 STELLE",55195,"12.66",NA,NA,NA
"CAMERA","UMBRIA",662094,455740,68.83,12954,6823,40,"AZIONE  ITALIA VIVA  CALENDA",35601,"8.17",NA,NA,NA
"CAMERA","UMBRIA",662094,455740,68.83,12954,6823,40,"ITALEXIT PER L'ITALIA",7870,"1.81",NA,NA,NA
"CAMERA","UMBRIA",662094,455740,68.83,12954,6823,40,"PARTITO COMUNISTA ITALIANO",6027,"1.38",NA,NA,NA
"CAMERA","UMBRIA",662094,455740,68.83,12954,6823,40,"ITALIA SOVRANA E POPOLARE",5987,"1.37",NA,NA,NA
"CAMERA","UMBRIA",662094,455740,68.83,12954,6823,40,"UNIONE POPOLARE CON DE MAGISTRIS",5442,"1.25",NA,NA,NA
"CAMERA","UMBRIA",662094,455740,68.83,12954,6823,40,"VITA",2544,"0.58",NA,NA,NA
"CAMERA","UMBRIA",662094,455740,68.83,12954,6823,40,"MASTELLA NOI DI CENTRO EUROPEISTI",279,"0.06",NA,NA,NA
"CAMERA","VALLE D'AOSTA",98187,59490,60.59,3511,2229,4,"VALLƒE DÕAOSTE Ð AUTONOMIE PROGRéS FƒDƒRALISME",20763,"38.63",NA,NA,NA
"CAMERA","VALLE D'AOSTA",98187,59490,60.59,3511,2229,4,"LEGA PER SALVINI PREMIER - FORZA ITALIA - NOI MODERATI - FRATELLI D'ITALIA",16016,"29.8",NA,NA,NA
"CAMERA","VALLE D'AOSTA",98187,59490,60.59,3511,2229,4,"LA RENAISSANCE VALDïTAINE",6398,"11..",NA,NA,NA
"CAMERA","VALLE D'AOSTA",98187,59490,60.59,3511,2229,4,"VALLE D'AOSTA APERTA",5841,"10.87",NA,NA,NA
"CAMERA","VALLE D'AOSTA",98187,59490,60.59,3511,2229,4,"ITALIA SOVRANA E POPOLARE",2302,"4.28",NA,NA,NA
"CAMERA","VALLE D'AOSTA",98187,59490,60.59,3511,2229,4,"UNIONE POPOLARE CON DE MAGISTRIS",1375,"2.56",NA,NA,NA
"CAMERA","VALLE D'AOSTA",98187,59490,60.59,3511,2229,4,"PARTITO COMUNISTA ITALIANO",1051,"1.96",NA,NA,NA
"CAMERA","VENETO 1",1480472,1015657,68.6,30467,13103,85,"FRATELLI D'ITALIA CON GIORGIA MELONI, FORZA ITALIA, LEGA PER SALVINI PREMIER, NOI MODERATI/LUPI  TOTI  BRUGNARO  UDC",536742,"55.22","5",5,10
"CAMERA","VENETO 1",1480472,1015657,68.6,30467,13103,85,"FRATELLI D'ITALIA CON GIORGIA MELONI",311663,"32.06","3",NA,NA
"CAMERA","VENETO 1",1480472,1015657,68.6,30467,13103,85,"LEGA PER SALVINI PREMIER",140204,"14.42","1",NA,NA
"CAMERA","VENETO 1",1480472,1015657,68.6,30467,13103,85,"FORZA ITALIA",60797,"6.25","1",NA,NA
"CAMERA","VENETO 1",1480472,1015657,68.6,30467,13103,85,"NOI MODERATI/LUPI - TOTI - BRUGNARO - UDC",24078,"2.48","-",NA,NA
"CAMERA","VENETO 1",1480472,1015657,68.6,30467,13103,85,"PARTITO DEMOCRATICO  ITALIA DEMOCRATICA E PROGRESSISTA, ALLEANZA VERDI E SINISTRA, PiuEuropa, IMPEGNO CIVICO LUIGI DI MAIO  CENTRO DEMOCRATICO",231967,"23.86","2",NA,2
"CAMERA","VENETO 1",1480472,1015657,68.6,30467,13103,85,"PARTITO DEMOCRATICO - ITALIA DEMOCRATICA E PROGRESSISTA",163298,"16.8","2",NA,NA
"CAMERA","VENETO 1",1480472,1015657,68.6,30467,13103,85,"ALLEANZA VERDI E SINISTRA",34530,"3.55",NA,NA,NA
"CAMERA","VENETO 1",1480472,1015657,68.6,30467,13103,85,"PIUEUROPA",30846,"3.17",NA,NA,NA
"CAMERA","VENETO 1",1480472,1015657,68.6,30467,13103,85,"IMPEGNO CIVICO LUIGI DI MAIO - CENTRO DEMOCRATICO",3293,"0.34",NA,NA,NA
"CAMERA","VENETO 1",1480472,1015657,68.6,30467,13103,85,"AZIONE - ITALIA VIVA - CALENDA",78396,"8.07","1",NA,1
"CAMERA","VENETO 1",1480472,1015657,68.6,30467,13103,85,"MOVIMENTO 5 STELLE",58584,"6.03",NA,NA,NA
"CAMERA","VENETO 1",1480472,1015657,68.6,30467,13103,85,"ITALEXIT PER L'ITALIA",23869,"2.46",NA,NA,NA
"CAMERA","VENETO 1",1480472,1015657,68.6,30467,13103,85,"VITA",17426,"1.79",NA,NA,NA
"CAMERA","VENETO 1",1480472,1015657,68.6,30467,13103,85,"ITALIA SOVRANA E POPOLARE",11380,"1.17",NA,NA,NA
"CAMERA","VENETO 1",1480472,1015657,68.6,30467,13103,85,"UNIONE POPOLARE CON DE MAGISTRIS",9874,"1.02",NA,NA,NA
"CAMERA","VENETO 1",1480472,1015657,68.6,30467,13103,85,"ALTERNATIVA PER L'ITALIA - NO GREEN PASS",3764,"0.39",NA,NA,NA
"CAMERA","VENETO 2",2247540,1600342,71.2,40216,20178,69,"FRATELLI D'ITALIA CON GIORGIA MELONI, FORZA ITALIA, LEGA PER SALVINI PREMIER, NOI MODERATI/LUPI  TOTI  BRUGNARO  UDC",876366,"56.91","7",7,14
"CAMERA","VENETO 2",2247540,1600342,71.2,40216,20178,69,"FRATELLI D'ITALIA CON GIORGIA MELONI",509920,"33.11","4",NA,NA
"CAMERA","VENETO 2",2247540,1600342,71.2,40216,20178,69,"LEGA PER SALVINI PREMIER",224986,"14.61","2",NA,NA
"CAMERA","VENETO 2",2247540,1600342,71.2,40216,20178,69,"FORZA ITALIA",114260,"7.42","1",NA,NA
"CAMERA","VENETO 2",2247540,1600342,71.2,40216,20178,69,"NOI MODERATI/LUPI - TOTI - BRUGNARO - UDC",27200,"1.77",NA,NA,NA
"CAMERA","VENETO 2",2247540,1600342,71.2,40216,20178,69,"PARTITO DEMOCRATICO  ITALIA DEMOCRATICA E PROGRESSISTA, ALLEANZA VERDI E SINISTRA, PiuEuropa, IMPEGNO CIVICO LUIGI DI MAIO  CENTRO DEMOCRATICO",346439,"22.5","3",NA,3
"CAMERA","VENETO 2",2247540,1600342,71.2,40216,20178,69,"PARTITO DEMOCRATICO - ITALIA DEMOCRATICA E PROGRESSISTA",245703,"15.96","2",NA,NA
"CAMERA","VENETO 2",2247540,1600342,71.2,40216,20178,69,"ALLEANZA VERDI E SINISTRA",48896,"3.18","1",NA,NA
"CAMERA","VENETO 2",2247540,1600342,71.2,40216,20178,69,"PIUEUROPA",46392,"3.01",NA,NA,NA
"CAMERA","VENETO 2",2247540,1600342,71.2,40216,20178,69,"IMPEGNO CIVICO LUIGI DI MAIO - CENTRO DEMOCRATICO",5448,"0.35",NA,NA,NA
"CAMERA","VENETO 2",2247540,1600342,71.2,40216,20178,69,"AZIONE - ITALIA VIVA - CALENDA",132324,"8.59","1",NA,1
"CAMERA","VENETO 2",2247540,1600342,71.2,40216,20178,69,"MOVIMENTO 5 STELLE",87735,"5.7","1",NA,1
"CAMERA","VENETO 2",2247540,1600342,71.2,40216,20178,69,"ITALEXIT PER L'ITALIA",38688,"2.51",NA,NA,NA
"CAMERA","VENETO 2",2247540,1600342,71.2,40216,20178,69,"VITA",27004,"1.75",NA,NA,NA
"CAMERA","VENETO 2",2247540,1600342,71.2,40216,20178,69,"ITALIA SOVRANA E POPOLARE",16473,"1.07",NA,NA,NA
"CAMERA","VENETO 2",2247540,1600342,71.2,40216,20178,69,"UNIONE POPOLARE CON DE MAGISTRIS",14850,"0.96",NA,NA,NA
