Dove;Regione;Elettori;Votanti;Percentuale votanti;Schede nulle;Schede bianche;Schede contestate;Coalizioni e liste;Voti;Percentuale voti;Seggi;Candidati uninominali eletti;Totale
CAMERA;ABRUZZO;1026974;657134;63,99;19408;11905;69;FRATELLI D'ITALIA CON GIORGIA MELONI, FORZA ITALIA, LEGA PER SALVINI PREMIER, NOI MODERATI/LUPI  TOTI  BRUGNARO  UDC;298684;47,73;3;3;6
CAMERA;ABRUZZO;1026974;657134;63,99;19408;11905;69;FRATELLI D'ITALIA CON GIORGIA MELONI;174548;27,89;2;NA;NA
CAMERA;ABRUZZO;1026974;657134;63,99;19408;11905;69;FORZA ITALIA;69488;11,1;1;NA;NA
CAMERA;ABRUZZO;1026974;657134;63,99;19408;11905;69;LEGA PER SALVINI PREMIER;50374;8,05;NA;NA;NA
CAMERA;ABRUZZO;1026974;657134;63,99;19408;11905;69;NOI MODERATI/LUPI  TOTI  BRUGNARO  UDC;4274;0,68;NA;NA;NA
CAMERA;ABRUZZO;1026974;657134;63,99;19408;11905;69;PARTITO DEMOCRATICO  ITALIA DEMOCRATICA E PROGRESSISTA, ALLEANZA VERDI E SINISTRA, PiuEuropa, IMPEGNO CIVICO LUIGI DI MAIO  CENTRO DEMOCRATICO;137269;21,94;2;NA;2
CAMERA;ABRUZZO;1026974;657134;63,99;19408;11905;69;PARTITO DEMOCRATICO  ITALIA DEMOCRATICA E PROGRESSISTA;104047;16,63;2;NA;NA
CAMERA;ABRUZZO;1026974;657134;63,99;19408;11905;69;ALLEANZA VERDI E SINISTRA;16946;2,71;NA;NA;NA
CAMERA;ABRUZZO;1026974;657134;63,99;19408;11905;69;PIUEUROPA;12356;1,97;NA;NA;NA
CAMERA;ABRUZZO;1026974;657134;63,99;19408;11905;69;IMPEGNO CIVICO LUIGI DI MAIO  CENTRO DEMOCRATICO;3920;0,63;NA;NA;NA
CAMERA;ABRUZZO;1026974;657134;63,99;19408;11905;69;MOVIMENTO 5 STELLE;115456;18,45;1;NA;1
CAMERA;ABRUZZO;1026974;657134;63,99;19408;11905;69;AZIONE  ITALIA VIVA  CALENDA;39311;6,28;NA;NA;NA
CAMERA;ABRUZZO;1026974;657134;63,99;19408;11905;69;ITALEXIT PER L'ITALIA;11494;1,84;NA;NA;NA
CAMERA;ABRUZZO;1026974;657134;63,99;19408;11905;69;UNIONE POPOLARE CON DE MAGISTRIS;10774;1,72;NA;NA;NA
CAMERA;ABRUZZO;1026974;657134;63,99;19408;11905;69;ITALIA SOVRANA E POPOLARE;6931;1,11;NA;NA;NA
CAMERA;ABRUZZO;1026974;657134;63,99;19408;11905;69;VITA;2963;0,47;NA;NA;NA
CAMERA;ABRUZZO;1026974;657134;63,99;19408;11905;69;ALTERNATIVA PER L'ITALIA  NO GREEN PASS;1708;0,27;NA;NA;NA
CAMERA;ABRUZZO;1026974;657134;63,99;19408;11905;69;SUD CHIAMA NORD;1162;0,19;NA;NA;NA
CAMERA;BASILICATA;446685;262520;58,77;10978;7087;2;FRATELLI D'ITALIA CON GIORGIA MELONI, FORZA ITALIA, LEGA PER SALVINI PREMIER, NOI MODERATI/LUPI  TOTI  BRUGNARO  UDC;93648;38,31;1;1;2
CAMERA;BASILICATA;446685;262520;58,77;10978;7087;2;FRATELLI D'ITALIA CON GIORGIA MELONI;44396;18,16;1;NA;NA
CAMERA;BASILICATA;446685;262520;58,77;10978;7087;2;FORZA ITALIA;22874;9,36;NA;NA;NA
CAMERA;BASILICATA;446685;262520;58,77;10978;7087;2;LEGA PER SALVINI PREMIER;21946;8,98;NA;NA;NA
CAMERA;BASILICATA;446685;262520;58,77;10978;7087;2;NOI MODERATI/LUPI  TOTI  BRUGNARO  UDC;4432;1,81;NA;NA;NA
CAMERA;BASILICATA;446685;262520;58,77;10978;7087;2;MOVIMENTO 5 STELLE;61114;25;1;NA;1
CAMERA;BASILICATA;446685;262520;58,77;10978;7087;2;PARTITO DEMOCRATICO  ITALIA DEMOCRATICA E PROGRESSISTA, ALLEANZA VERDI E SINISTRA, PiuEuropa, IMPEGNO CIVICO LUIGI DI MAIO  CENTRO DEMOCRATICO;52781;21,59;1;NA;1
CAMERA;BASILICATA;446685;262520;58,77;10978;7087;2;PARTITO DEMOCRATICO  ITALIA DEMOCRATICA E PROGRESSISTA;37147;15,2;1;NA;NA
CAMERA;BASILICATA;446685;262520;58,77;10978;7087;2;ALLEANZA VERDI E SINISTRA;8348;3,41;NA;NA;NA
CAMERA;BASILICATA;446685;262520;58,77;10978;7087;2;PIUEUROPA;5104;2,09;NA;NA;NA
CAMERA;BASILICATA;446685;262520;58,77;10978;7087;2;IMPEGNO CIVICO LUIGI DI MAIO  CENTRO DEMOCRATICO;2182;0,89;NA;NA;NA
CAMERA;BASILICATA;446685;262520;58,77;10978;7087;2;AZIONE  ITALIA VIVA  CALENDA;23870;9,76;NA;NA;NA
CAMERA;BASILICATA;446685;262520;58,77;10978;7087;2;UNIONE POPOLARE CON DE MAGISTRIS;3617;1,48;NA;NA;NA
CAMERA;BASILICATA;446685;262520;58,77;10978;7087;2;ITALEXIT PER L'ITALIA;3525;1,44;NA;NA;NA
CAMERA;BASILICATA;446685;262520;58,77;10978;7087;2;ITALIA SOVRANA E POPOLARE;2638;1,08;NA;NA;NA
CAMERA;BASILICATA;446685;262520;58,77;10978;7087;2;PARTITO COMUNISTA ITALIANO;2304;0,94;NA;NA;NA
CAMERA;BASILICATA;446685;262520;58,77;10978;7087;2;MASTELLA NOI DI CENTRO EUROPEISTI;956;0,39;NA;NA;NA
CAMERA;CALABRIA;1496834;760354;5,08;23165;17608;70;FRATELLI D'ITALIA CON GIORGIA MELONI, FORZA ITALIA, LEGA PER SALVINI PREMIER, NOI MODERATI/LUPI  TOTI  BRUGNARO  UDC;297541;41,35;4;4;8
CAMERA;CALABRIA;1496834;760354;5,08;23165;17608;70;FRATELLI D'ITALIA CON GIORGIA MELONI;136479;18,97;2;NA;NA
CAMERA;CALABRIA;1496834;760354;5,08;23165;17608;70;FORZA ITALIA;112211;15,6;1;NA;NA
CAMERA;CALABRIA;1496834;760354;5,08;23165;17608;70;LEGA PER SALVINI PREMIER;41676;5,79;1;NA;NA
CAMERA;CALABRIA;1496834;760354;5,08;23165;17608;70;NOI MODERATI/LUPI  TOTI  BRUGNARO  UDC;7175;1;NA;NA;NA
CAMERA;CALABRIA;1496834;760354;5,08;23165;17608;70;MOVIMENTO 5 STELLE;211390;29,38;2;1;3
CAMERA;CALABRIA;1496834;760354;5,08;23165;17608;70;PARTITO DEMOCRATICO  ITALIA DEMOCRATICA E PROGRESSISTA, ALLEANZA VERDI E SINISTRA, PiuEuropa, IMPEGNO CIVICO LUIGI DI MAIO  CENTRO DEMOCRATICO;130605;18,15;2;NA;NA
CAMERA;CALABRIA;1496834;760354;5,08;23165;17608;70;PARTITO DEMOCRATICO  ITALIA DEMOCRATICA E PROGRESSISTA;103315;14,36;2;NA;NA
CAMERA;CALABRIA;1496834;760354;5,08;23165;17608;70;ALLEANZA VERDI E SINISTRA;13050;1,81;NA;NA;NA
CAMERA;CALABRIA;1496834;760354;5,08;23165;17608;70;PIUEUROPA;7820;1,09;NA;NA;NA
CAMERA;CALABRIA;1496834;760354;5,08;23165;17608;70;IMPEGNO CIVICO LUIGI DI MAIO  CENTRO DEMOCRATICO;6420;0,89;NA;NA;NA
CAMERA;CALABRIA;1496834;760354;5,08;23165;17608;70;AZIONE  ITALIA VIVA  CALENDA;29810;4,14;NA;NA;NA
CAMERA;CALABRIA;1496834;760354;5,08;23165;17608;70;UNIONE POPOLARE CON DE MAGISTRIS;16341;2,27;NA;NA;NA
CAMERA;CALABRIA;1496834;760354;5,08;23165;17608;70;ITALEXIT PER L'ITALIA;10044;1,4;NA;NA;NA
CAMERA;CALABRIA;1496834;760354;5,08;23165;17608;70;ITALIA SOVRANA E POPOLARE;8583;1,19;NA;NA;NA
CAMERA;CALABRIA;1496834;760354;5,08;23165;17608;70;PARTITO COMUNISTA ITALIANO;4659;0,65;NA;NA;NA
CAMERA;CALABRIA;1496834;760354;5,08;23165;17608;70;SUD CHIAMA NORD;2426;0,34;NA;NA;NA
CAMERA;CALABRIA;1496834;760354;5,08;23165;17608;70;PARTITO ANIMALISTA  UCDL  10 VOLTE MEGLIO;2241;0,31;NA;NA;NA
CAMERA;CALABRIA;1496834;760354;5,08;23165;17608;70;ALTERNATIVA PER L'ITALIA  NO GREEN PASS;1908;0,27;NA;NA;NA
CAMERA;CALABRIA;1496834;760354;5,08;23165;17608;70;MASTELLA NOI DI CENTRO EUROPEISTI;1662;0,23;NA;NA;NA
CAMERA;CALABRIA;1496834;760354;5,08;23165;17608;70;VITA;1486;0,21;NA;NA;NA
CAMERA;CALABRIA;1496834;760354;5,08;23165;17608;70;FORZA DEL POPOLO;815;0,11;NA;NA;NA
CAMERA;CAMPANIA;4510722;2403042;53,27;60134;45063;241;MOVIMENTO 5 STELLE;796636;34,57;9;7;16
CAMERA;CAMPANIA;4510722;2403042;53,27;60134;45063;241;FRATELLI D'ITALIA CON GIORGIA MELONI, FORZA ITALIA, LEGA PER SALVINI PREMIER, NOI MODERATI/LUPI  TOTI  BRUGNARO  UDC;743007;32,25;8;7;15
CAMERA;CAMPANIA;4510722;2403042;53,27;60134;45063;241;FRATELLI D'ITALIA CON GIORGIA MELONI;401709;17,43;NA;NA;NA
CAMERA;CAMPANIA;4510722;2403042;53,27;60134;45063;241;FORZA ITALIA;223428;9,7;NA;NA;NA
CAMERA;CAMPANIA;4510722;2403042;53,27;60134;45063;241;LEGA PER SALVINI PREMIER;102090;4,43;NA;NA;NA
CAMERA;CAMPANIA;4510722;2403042;53,27;60134;45063;241;NOI MODERATI/LUPI  TOTI  BRUGNARO  UDC;15780;0,68;NA;NA;NA
CAMERA;CAMPANIA;4510722;2403042;53,27;60134;45063;241;PARTITO DEMOCRATICO  ITALIA DEMOCRATICA E PROGRESSISTA, ALLEANZA VERDI E SINISTRA, PiuEuropa, IMPEGNO CIVICO LUIGI DI MAIO  CENTRO DEMOCRATICO;510617;22,16;5;NA;5
CAMERA;CAMPANIA;4510722;2403042;53,27;60134;45063;241;PARTITO DEMOCRATICO  ITALIA DEMOCRATICA E PROGRESSISTA;359870;15,62;NA;NA;NA
CAMERA;CAMPANIA;4510722;2403042;53,27;60134;45063;241;ALLEANZA VERDI E SINISTRA;63396;2,75;NA;NA;NA
CAMERA;CAMPANIA;4510722;2403042;53,27;60134;45063;241;IMPEGNO CIVICO LUIGI DI MAIO  CENTRO DEMOCRATICO;40805;1,77;NA;NA;NA
CAMERA;CAMPANIA;4510722;2403042;53,27;60134;45063;241;PIUEUROPA;46546;2,02;NA;NA;NA
CAMERA;CAMPANIA;4510722;2403042;53,27;60134;45063;241;AZIONE  ITALIA VIVA  CALENDA;120177;5,22;2;NA;2
CAMERA;CAMPANIA;4510722;2403042;53,27;60134;45063;241;UNIONE POPOLARE CON DE MAGISTRIS;47017;2,04;NA;NA;NA
CAMERA;CAMPANIA;4510722;2403042;53,27;60134;45063;241;MASTELLA NOI DI CENTRO EUROPEISTI;33219;1,44;NA;NA;NA
CAMERA;CAMPANIA;4510722;2403042;53,27;60134;45063;241;ITALEXIT PER L'ITALIA;25870;1,12;NA;NA;NA
CAMERA;CAMPANIA;4510722;2403042;53,27;60134;45063;241;ITALIA SOVRANA E POPOLARE;17470;0,76;NA;NA;NA
CAMERA;CAMPANIA;4510722;2403042;53,27;60134;45063;241;PARTITO ANIMALISTA  UCDL  10 VOLTE MEGLIO;4634;0,2;NA;NA;NA
CAMERA;CAMPANIA;4510722;2403042;53,27;60134;45063;241;PARTITO COMUNISTA ITALIANO;3341;0,14;NA;NA;NA
CAMERA;CAMPANIA;4510722;2403042;53,27;60134;45063;241;VITA;2239;0,1;NA;NA;NA
CAMERA;EMILIAROMAGNA;3328327;2395342;71,97;57192;31001;200;FRATELLI D'ITALIA CON GIORGIA MELONI, FORZA ITALIA, LEGA PER SALVINI PREMIER, NOI MODERATI/LUPI  TOTI  BRUGNARO  UDC;898085;38,93;8;7;15
CAMERA;EMILIAROMAGNA;3328327;2395342;71,97;57192;31001;200;FRATELLI D'ITALIA CON GIORGIA MELONI;577154;25,02;5;NA;NA
CAMERA;EMILIAROMAGNA;3328327;2395342;71,97;57192;31001;200;LEGA PER SALVINI PREMIER;173509;7,52;2;NA;NA
CAMERA;EMILIAROMAGNA;3328327;2395342;71,97;57192;31001;200;FORZA ITALIA;134382;5,83;1;NA;NA
CAMERA;EMILIAROMAGNA;3328327;2395342;71,97;57192;31001;200;NOI MODERATI/LUPI  TOTI  BRUGNARO  UDC;13040;0,57;NA;NA;NA
CAMERA;EMILIAROMAGNA;3328327;2395342;71,97;57192;31001;200;PARTITO DEMOCRATICO  ITALIA DEMOCRATICA E PROGRESSISTA, ALLEANZA VERDI E SINISTRA, PiuEuropa, IMPEGNO CIVICO LUIGI DI MAIO  CENTRO DEMOCRATICO;829381;35,95;6;4;10
CAMERA;EMILIAROMAGNA;3328327;2395342;71,97;57192;31001;200;PARTITO DEMOCRATICO  ITALIA DEMOCRATICA E PROGRESSISTA;648373;28,1;5;NA;NA
CAMERA;EMILIAROMAGNA;3328327;2395342;71,97;57192;31001;200;ALLEANZA VERDI E SINISTRA;99744;4,32;1;NA;NA
CAMERA;EMILIAROMAGNA;3328327;2395342;71,97;57192;31001;200;PIUEUROPA;72866;3,16;NA;NA;NA
CAMERA;EMILIAROMAGNA;3328327;2395342;71,97;57192;31001;200;IMPEGNO CIVICO LUIGI DI MAIO  CENTRO DEMOCRATICO;8398;0,36;NA;NA;NA
CAMERA;EMILIAROMAGNA;3328327;2395342;71,97;57192;31001;200;MOVIMENTO 5 STELLE;228663;9,91;2;NA;2
CAMERA;EMILIAROMAGNA;3328327;2395342;71,97;57192;31001;200;AZIONE  ITALIA VIVA  CALENDA;197338;8,55;2;NA;2
CAMERA;EMILIAROMAGNA;3328327;2395342;71,97;57192;31001;200;ITALEXIT PER L'ITALIA;44723;1,94;NA;NA;NA
CAMERA;EMILIAROMAGNA;3328327;2395342;71,97;57192;31001;200;ITALIA SOVRANA E POPOLARE;32984;1,43;NA;NA;NA
CAMERA;EMILIAROMAGNA;3328327;2395342;71,97;57192;31001;200;UNIONE POPOLARE CON DE MAGISTRIS;32319;1,4;NA;NA;NA
CAMERA;EMILIAROMAGNA;3328327;2395342;71,97;57192;31001;200;VITA;25389;1,1;NA;NA;NA
CAMERA;EMILIAROMAGNA;3328327;2395342;71,97;57192;31001;200;PARTITO ANIMALISTA  UCDL  10 VOLTE MEGLIO;14567;0,63;NA;NA;NA
CAMERA;EMILIAROMAGNA;3328327;2395342;71,97;57192;31001;200;MASTELLA NOI DI CENTRO EUROPEISTI;1921;0,08;NA;NA;NA
CAMERA;EMILIAROMAGNA;3328327;2395342;71,97;57192;31001;200;SUD CHIAMA NORD;1601;0,07;NA;NA;NA
CAMERA;FRIULIVENEZIA GIULIA;936273;619935;66,21;19633;8427;80;FRATELLI D'ITALIA CON GIORGIA MELONI, FORZA ITALIA, LEGA PER SALVINI PREMIER, NOI MODERATI/LUPI  TOTI  BRUGNARO  UDC;295157;49,87;3;3;6
CAMERA;FRIULIVENEZIA GIULIA;936273;619935;66,21;19633;8427;80;FRATELLI D'ITALIA CON GIORGIA MELONI;185234;31,3;2;NA;NA
CAMERA;FRIULIVENEZIA GIULIA;936273;619935;66,21;19633;8427;80;LEGA PER SALVINI PREMIER;64806;10,95;1;NA;NA
CAMERA;FRIULIVENEZIA GIULIA;936273;619935;66,21;19633;8427;80;FORZA ITALIA;39599;6,69;NA;NA;NA
CAMERA;FRIULIVENEZIA GIULIA;936273;619935;66,21;19633;8427;80;NOI MODERATI/LUPI  TOTI  BRUGNARO  UDC;5518;0,93;NA;NA;NA
CAMERA;FRIULIVENEZIA GIULIA;936273;619935;66,21;19633;8427;80;PARTITO DEMOCRATICO  ITALIA DEMOCRATICA E PROGRESSISTA, ALLEANZA VERDI E SINISTRA, PiuEuropa, IMPEGNO CIVICO LUIGI DI MAIO  CENTRO DEMOCRATICO;152400;25,75;1;NA;1
CAMERA;FRIULIVENEZIA GIULIA;936273;619935;66,21;19633;8427;80;PARTITO DEMOCRATICO  ITALIA DEMOCRATICA E PROGRESSISTA;108870;18,4;1;NA;NA
CAMERA;FRIULIVENEZIA GIULIA;936273;619935;66,21;19633;8427;80;ALLEANZA VERDI E SINISTRA;21986;3,72;NA;NA;NA
CAMERA;FRIULIVENEZIA GIULIA;936273;619935;66,21;19633;8427;80;PIUEUROPA;19288;3,26;NA;NA;NA
CAMERA;FRIULIVENEZIA GIULIA;936273;619935;66,21;19633;8427;80;IMPEGNO CIVICO LUIGI DI MAIO  CENTRO DEMOCRATICO;2256;0,38;NA;NA;NA
CAMERA;FRIULIVENEZIA GIULIA;936273;619935;66,21;19633;8427;80;AZIONE  ITALIA VIVA  CALENDA;51624;8,72;1;NA;1
CAMERA;FRIULIVENEZIA GIULIA;936273;619935;66,21;19633;8427;80;MOVIMENTO 5 STELLE;42575;7,19;NA;NA;NA
CAMERA;FRIULIVENEZIA GIULIA;936273;619935;66,21;19633;8427;80;ITALEXIT PER L'ITALIA;18966;3,2;NA;NA;NA
CAMERA;FRIULIVENEZIA GIULIA;936273;619935;66,21;19633;8427;80;ITALIA SOVRANA E POPOLARE;11419;1,93;NA;NA;NA
CAMERA;FRIULIVENEZIA GIULIA;936273;619935;66,21;19633;8427;80;VITA;8857;1,5;NA;NA;NA
CAMERA;FRIULIVENEZIA GIULIA;936273;619935;66,21;19633;8427;80;UNIONE POPOLARE CON DE MAGISTRIS;7734;1,31;NA;NA;NA
CAMERA;FRIULIVENEZIA GIULIA;936273;619935;66,21;19633;8427;80;ALTERNATIVA PER L'ITALIA  NO GREEN PASS;2342;0,4;NA;NA;NA
CAMERA;FRIULIVENEZIA GIULIA;936273;619935;66,21;19633;8427;80;MASTELLA NOI DI CENTRO EUROPEISTI;726;0,12;NA;NA;NA
CAMERA;LAZIO;4351194;NA;NA;NA;NA;NA;FRATELLI D'ITALIA CON GIORGIA MELONI, FORZA ITALIA, LEGA PER SALVINI PREMIER, NOI MODERATI/LUPI  TOTI  BRUGNARO  UDC;1213143;44,56;11;12;23
CAMERA;LAZIO;4351194;NA;NA;NA;NA;NA;FRATELLI D'ITALIA CON GIORGIA MELONI;844321;31,01;7;NA;NA
CAMERA;LAZIO;4351194;NA;NA;NA;NA;NA;FORZA ITALIA;185636;6,82;2;NA;NA
CAMERA;LAZIO;4351194;NA;NA;NA;NA;NA;LEGA PER SALVINI PREMIER;170313;6,26;2;NA;NA
CAMERA;LAZIO;4351194;NA;NA;NA;NA;NA;NOI MODERATI/LUPI  TOTI  BRUGNARO  UDC;12873;0,47;NA;NA;NA
CAMERA;LAZIO;4351194;NA;NA;NA;NA;NA;PARTITO DEMOCRATICO  ITALIA DEMOCRATICA E PROGRESSISTA, ALLEANZA VERDI E SINISTRA, PiuEuropa, IMPEGNO CIVICO LUIGI DI MAIO  CENTRO DEMOCRATICO;721920;26,52;6;2;8
CAMERA;LAZIO;4351194;NA;NA;NA;NA;NA;PARTITO DEMOCRATICO  ITALIA DEMOCRATICA E PROGRESSISTA;522815;19,2;5;NA;NA
CAMERA;LAZIO;4351194;NA;NA;NA;NA;NA;ALLEANZA VERDI E SINISTRA;104528;3,84;1;NA;NA
CAMERA;LAZIO;4351194;NA;NA;NA;NA;NA;PIUEUROPA;80259;2,95;NA;NA;NA
CAMERA;LAZIO;4351194;NA;NA;NA;NA;NA;IMPEGNO CIVICO LUIGI DI MAIO  CENTRO DEMOCRATICO;14318;0,53;NA;NA;NA
CAMERA;LAZIO;4351194;NA;NA;NA;NA;NA;MOVIMENTO 5 STELLE;405841;14,91;3;NA;3
CAMERA;LAZIO;4351194;NA;NA;NA;NA;NA;AZIONE  ITALIA VIVA  CALENDA;226036;8,3;2;NA;2
CAMERA;LAZIO;4351194;NA;NA;NA;NA;NA;UNIONE POPOLARE CON DE MAGISTRIS;46528;1,71;NA;NA;NA
CAMERA;LAZIO;4351194;NA;NA;NA;NA;NA;ITALIA SOVRANA E POPOLARE;50760;1,86;NA;NA;NA
CAMERA;LAZIO;4351194;NA;NA;NA;NA;NA;ITALEXIT PER L'ITALIA;45163;1,66;NA;NA;NA
CAMERA;LAZIO;4351194;NA;NA;NA;NA;NA;VITA;9348;0,34;NA;NA;NA
CAMERA;LAZIO;4351194;NA;NA;NA;NA;NA;ALTERNATIVA PER L'ITALIA  NO GREEN PASS;2339;0,09;NA;NA;NA
CAMERA;LAZIO;4351194;NA;NA;NA;NA;NA;PARTITO DELLA FOLLIA CREATIVA;1417;0,08;NA;NA;NA
CAMERA;LIGURIA;1195266;NA;NA;NA;NA;NA;FRATELLI D'ITALIA CON GIORGIA MELONI, FORZA ITALIA, LEGA PER SALVINI PREMIER, NOI MODERATI/LUPI  TOTI  BRUGNARO  UDC;309034;42,08;3;3;6
CAMERA;LIGURIA;1195266;NA;NA;NA;NA;NA;FRATELLI D'ITALIA CON GIORGIA MELONI;178198;24,26;2;NA;NA
CAMERA;LIGURIA;1195266;NA;NA;NA;NA;NA;LEGA PER SALVINI PREMIER;68143;9,28;1;NA;NA
CAMERA;LIGURIA;1195266;NA;NA;NA;NA;NA;FORZA ITALIA;47135;6,42;NA;NA;NA
CAMERA;LIGURIA;1195266;NA;NA;NA;NA;NA;NOI MODERATI/LUPI  TOTI  BRUGNARO  UDC;15558;2,12;NA;NA;NA
CAMERA;LIGURIA;1195266;NA;NA;NA;NA;NA;PARTITO DEMOCRATICO  ITALIA DEMOCRATICA E PROGRESSISTA, ALLEANZA VERDI E SINISTRA, PiuEuropa, IMPEGNO CIVICO LUIGI DI MAIO  CENTRO DEMOCRATICO;226805;30,88;2;1;3
CAMERA;LIGURIA;1195266;NA;NA;NA;NA;NA;PARTITO DEMOCRATICO  ITALIA DEMOCRATICA E PROGRESSISTA;166505;22,67;2;NA;NA
CAMERA;LIGURIA;1195266;NA;NA;NA;NA;NA;ALLEANZA VERDI E SINISTRA;32116;4,37;NA;NA;NA
CAMERA;LIGURIA;1195266;NA;NA;NA;NA;NA;PIUEUROPA;24716;3,37;NA;NA;NA
CAMERA;LIGURIA;1195266;NA;NA;NA;NA;NA;IMPEGNO CIVICO LUIGI DI MAIO  CENTRO DEMOCRATICO;3468;0,47;NA;NA;NA
CAMERA;LIGURIA;1195266;NA;NA;NA;NA;NA;MOVIMENTO 5 STELLE;93568;12,74;1;NA;1
CAMERA;LIGURIA;1195266;NA;NA;NA;NA;NA;AZIONE  ITALIA VIVA  CALENDA;54154;7,37;NA;NA;NA
CAMERA;LIGURIA;1195266;NA;NA;NA;NA;NA;ITALEXIT PER L'ITALIA;19117;2,6;NA;NA;NA
CAMERA;LIGURIA;1195266;NA;NA;NA;NA;NA;UNIONE POPOLARE CON DE MAGISTRIS;12801;1,74;NA;NA;NA
CAMERA;LIGURIA;1195266;NA;NA;NA;NA;NA;ITALIA SOVRANA E POPOLARE;12053;1,64;NA;NA;NA
CAMERA;LIGURIA;1195266;NA;NA;NA;NA;NA;VITA;6202;0,84;NA;NA;NA
CAMERA;LIGURIA;1195266;NA;NA;NA;NA;NA;MASTELLA NOI DI CENTRO EUROPEISTI;729;0,1;NA;NA;NA
CAMERA;LOMBARDIA;7505068;5260161;70,09;127036;67117;843;FRATELLI D'ITALIA CON GIORGIA MELONI, FORZA ITALIA, LEGA PER SALVINI PREMIER, NOI MODERATI/LUPI  TOTI  BRUGNARO  UDC;2560790;50,55;21;21;42
CAMERA;LOMBARDIA;7505068;5260161;70,09;127036;67117;843;FRATELLI D'ITALIA CON GIORGIA MELONI;1443692;28,5;12;NA;NA
CAMERA;LOMBARDIA;7505068;5260161;70,09;127036;67117;843;LEGA PER SALVINI PREMIER;671814;13,26;5;NA;NA
CAMERA;LOMBARDIA;7505068;5260161;70,09;127036;67117;843;FORZA ITALIA;398554;7,87;4;NA;NA
CAMERA;LOMBARDIA;7505068;5260161;70,09;127036;67117;843;NOI MODERATI/LUPI  TOTI  BRUGNARO  UDC;46730;0,92;NA;NA;NA
CAMERA;LOMBARDIA;7505068;5260161;70,09;127036;67117;843;PARTITO DEMOCRATICO  ITALIA DEMOCRATICA E PROGRESSISTA, ALLEANZA VERDI E SINISTRA, PiuEuropa, IMPEGNO CIVICO LUIGI DI MAIO  CENTRO DEMOCRATICO;1352145;26,7;11;2;13
CAMERA;LOMBARDIA;7505068;5260161;70,09;127036;67117;843;PARTITO DEMOCRATICO  ITALIA DEMOCRATICA E PROGRESSISTA;961894;18,99;9;NA;NA
CAMERA;LOMBARDIA;7505068;5260161;70,09;127036;67117;843;ALLEANZA VERDI E SINISTRA;192939;3,81;2;NA;NA
CAMERA;LOMBARDIA;7505068;5260161;70,09;127036;67117;843;PIUEUROPA;178268;3,52;NA;NA;NA
CAMERA;LOMBARDIA;7505068;5260161;70,09;127036;67117;843;IMPEGNO CIVICO LUIGI DI MAIO  CENTRO DEMOCRATICO;19044;0,38;NA;NA;NA
CAMERA;LOMBARDIA;7505068;5260161;70,09;127036;67117;843;AZIONE  ITALIA VIVA  CALENDA;522377;10,31;5;NA;5
CAMERA;LOMBARDIA;7505068;5260161;70,09;127036;67117;843;MOVIMENTO 5 STELLE;378885;7,48;4;NA;4
CAMERA;LOMBARDIA;7505068;5260161;70,09;127036;67117;843;ITALEXIT PER L'ITALIA;94010;1,86;NA;NA;NA
CAMERA;LOMBARDIA;7505068;5260161;70,09;127036;67117;843;UNIONE POPOLARE CON DE MAGISTRIS;57490;1,14;NA;NA;NA
CAMERA;LOMBARDIA;7505068;5260161;70,09;127036;67117;843;ITALIA SOVRANA E POPOLARE;54109;1,07;NA;NA;NA
CAMERA;LOMBARDIA;7505068;5260161;70,09;127036;67117;843;VITA;37303;0,74;NA;NA;NA
CAMERA;LOMBARDIA;7505068;5260161;70,09;127036;67117;843;MASTELLA NOI DI CENTRO EUROPEISTI;5071;0,1;NA;NA;NA
CAMERA;LOMBARDIA;7505068;5260161;70,09;127036;67117;843;ALTERNATIVA PER L'ITALIA  NO GREEN PASS;2133;0,04;NA;NA;NA
CAMERA;LOMBARDIA;7505068;5260161;70,09;127036;67117;843;FREE;828;0,02;NA;NA;NA
CAMERA;MARCHE;1165397;797050;68,39;21699;13136;58;FRATELLI D'ITALIA CON GIORGIA MELONI, FORZA ITALIA, LEGA PER SALVINI PREMIER, NOI MODERATI/LUPI  TOTI  BRUGNARO  UDC;340128;44,63;3;4;7
CAMERA;MARCHE;1165397;797050;68,39;21699;13136;58;FRATELLI D'ITALIA CON GIORGIA MELONI;222116;29,14;2;NA;NA
CAMERA;MARCHE;1165397;797050;68,39;21699;13136;58;LEGA PER SALVINI PREMIER;60379;7,92;1;NA;NA
CAMERA;MARCHE;1165397;797050;68,39;21699;13136;58;FORZA ITALIA;51713;6,79;NA;NA;NA
CAMERA;MARCHE;1165397;797050;68,39;21699;13136;58;NOI MODERATI/LUPI  TOTI  BRUGNARO  UDC;5920;0,78;NA;NA;NA
CAMERA;MARCHE;1165397;797050;68,39;21699;13136;58;PARTITO DEMOCRATICO  ITALIA DEMOCRATICA E PROGRESSISTA, ALLEANZA VERDI E SINISTRA, PiuEuropa, IMPEGNO CIVICO LUIGI DI MAIO  CENTRO DEMOCRATICO;203383;26,69;2;NA;2
CAMERA;MARCHE;1165397;797050;68,39;21699;13136;58;PARTITO DEMOCRATICO  ITALIA DEMOCRATICA E PROGRESSISTA;155263;20,37;2;NA;NA
CAMERA;MARCHE;1165397;797050;68,39;21699;13136;58;ALLEANZA VERDI E SINISTRA;25348;3,33;NA;NA;NA
CAMERA;MARCHE;1165397;797050;68,39;21699;13136;58;PIUEUROPA;19110;2,51;NA;NA;NA
CAMERA;MARCHE;1165397;797050;68,39;21699;13136;58;IMPEGNO CIVICO LUIGI DI MAIO  CENTRO DEMOCRATICO;3662;0,48;NA;NA;NA
CAMERA;MARCHE;1165397;797050;68,39;21699;13136;58;MOVIMENTO 5 STELLE;103594;13,59;1;NA;1
CAMERA;MARCHE;1165397;797050;68,39;21699;13136;58;AZIONE  ITALIA VIVA  CALENDA;56429;7,4;NA;NA;NA
CAMERA;MARCHE;1165397;797050;68,39;21699;13136;58;ITALEXIT PER L'ITALIA;20066;2,63;NA;NA;NA
CAMERA;MARCHE;1165397;797050;68,39;21699;13136;58;ITALIA SOVRANA E POPOLARE;10743;1,41;NA;NA;NA
CAMERA;MARCHE;1165397;797050;68,39;21699;13136;58;UNIONE POPOLARE CON DE MAGISTRIS;10418;1,37;NA;NA;NA
CAMERA;MARCHE;1165397;797050;68,39;21699;13136;58;PARTITO COMUNISTA ITALIANO;8224;1,08;NA;NA;NA
CAMERA;MARCHE;1165397;797050;68,39;21699;13136;58;VITA;6488;0,85;NA;NA;NA
CAMERA;MARCHE;1165397;797050;68,39;21699;13136;58;ALTERNATIVA PER L'ITALIA  NO GREEN PASS;2688;0,35;NA;NA;NA
CAMERA;MOLISE;243884;138023;56,59;5375;3410;NA;FRATELLI D'ITALIA CON GIORGIA MELONI, FORZA ITALIA, LEGA PER SALVINI PREMIER, NOI MODERATI/LUPI  TOTI  BRUGNARO  UDC;55472;42,9;NA;1;1
CAMERA;MOLISE;243884;138023;56,59;5375;3410;NA;FRATELLI D'ITALIA CON GIORGIA MELONI;27632;21,37;NA;NA;NA
CAMERA;MOLISE;243884;138023;56,59;5375;3410;NA;FORZA ITALIA;14701;11,37;NA;NA;NA
CAMERA;MOLISE;243884;138023;56,59;5375;3410;NA;LEGA PER SALVINI PREMIER;11042;8,54;NA;NA;NA
CAMERA;MOLISE;243884;138023;56,59;5375;3410;NA;NOI MODERATI/LUPI  TOTI  BRUGNARO  UDC;2097;1,62;NA;NA;NA
CAMERA;MOLISE;243884;138023;56,59;5375;3410;NA;MOVIMENTO 5 STELLE;31441;24,32;NA;NA;NA
CAMERA;MOLISE;243884;138023;56,59;5375;3410;NA;PARTITO DEMOCRATICO  ITALIA DEMOCRATICA E PROGRESSISTA, ALLEANZA VERDI E SINISTRA, PiuEuropa, IMPEGNO CIVICO LUIGI DI MAIO  CENTRO DEMOCRATICO;30189;23,35;1;NA;1
CAMERA;MOLISE;243884;138023;56,59;5375;3410;NA;PARTITO DEMOCRATICO  ITALIA DEMOCRATICA E PROGRESSISTA;23444;18,13;1;NA;NA
CAMERA;MOLISE;243884;138023;56,59;5375;3410;NA;ALLEANZA VERDI E SINISTRA;3815;2,95;NA;NA;NA
CAMERA;MOLISE;243884;138023;56,59;5375;3410;NA;PIUEUROPA;2043;1,58;NA;NA;NA
CAMERA;MOLISE;243884;138023;56,59;5375;3410;NA;IMPEGNO CIVICO LUIGI DI MAIO  CENTRO DEMOCRATICO;887;0,69;NA;NA;NA
CAMERA;MOLISE;243884;138023;56,59;5375;3410;NA;AZIONE  ITALIA VIVA  CALENDA;6250;4,83;NA;NA;NA
CAMERA;MOLISE;243884;138023;56,59;5375;3410;NA;UNIONE POPOLARE CON DE MAGISTRIS;2306;1,78;NA;NA;NA
CAMERA;MOLISE;243884;138023;56,59;5375;3410;NA;ITALIA SOVRANA E POPOLARE;2128;1,65;NA;NA;NA
CAMERA;MOLISE;243884;138023;56,59;5375;3410;NA;MASTELLA NOI DI CENTRO EUROPEISTI;1516;1,17;NA;NA;NA
CAMERA;PIEMONTE;3320437;NA;NA;NA;NA;NA;FRATELLI D'ITALIA CON GIORGIA MELONI, FORZA ITALIA, LEGA PER SALVINI PREMIER, NOI MODERATI/LUPI  TOTI  BRUGNARO  UDC;970753;46,02;9;4;13
CAMERA;PIEMONTE;3320437;NA;NA;NA;NA;NA;FRATELLI D'ITALIA CON GIORGIA MELONI;567626;26,91;5;NA;NA
CAMERA;PIEMONTE;3320437;NA;NA;NA;NA;NA;LEGA PER SALVINI PREMIER;224393;10,64;2;NA;NA
CAMERA;PIEMONTE;3320437;NA;NA;NA;NA;NA;FORZA ITALIA;165768;7,86;2;NA;NA
CAMERA;PIEMONTE;3320437;NA;NA;NA;NA;NA;NOI MODERATI/LUPI  TOTI  BRUGNARO  UDC;12966;0,61;NA;NA;NA
CAMERA;PIEMONTE;3320437;NA;NA;NA;NA;NA;PARTITO DEMOCRATICO  ITALIA DEMOCRATICA E PROGRESSISTA, ALLEANZA VERDI E SINISTRA, PiuEuropa, IMPEGNO CIVICO LUIGI DI MAIO  CENTRO DEMOCRATICO;599960;28,44;7;1;8
CAMERA;PIEMONTE;3320437;NA;NA;NA;NA;NA;PARTITO DEMOCRATICO  ITALIA DEMOCRATICA E PROGRESSISTA;419439;19,88;5;NA;NA
CAMERA;PIEMONTE;3320437;NA;NA;NA;NA;NA;PIUEUROPA;85815;4,07;2;NA;NA
CAMERA;PIEMONTE;3320437;NA;NA;NA;NA;NA;ALLEANZA VERDI E SINISTRA;85171;4,04;NA;NA;NA
CAMERA;PIEMONTE;3320437;NA;NA;NA;NA;NA;IMPEGNO CIVICO LUIGI DI MAIO  CENTRO DEMOCRATICO;9535;0,45;NA;NA;NA
CAMERA;PIEMONTE;3320437;NA;NA;NA;NA;NA;MOVIMENTO 5 STELLE;218186;10,34;1;NA;1
CAMERA;PIEMONTE;3320437;NA;NA;NA;NA;NA;AZIONE  ITALIA VIVA  CALENDA;186154;8,82;2;NA;2
CAMERA;PIEMONTE;3320437;NA;NA;NA;NA;NA;ITALEXIT PER L'ITALIA;52679;2,5;NA;NA;NA
CAMERA;PIEMONTE;3320437;NA;NA;NA;NA;NA;UNIONE POPOLARE CON DE MAGISTRIS;37698;1,79;NA;NA;NA
CAMERA;PIEMONTE;3320437;NA;NA;NA;NA;NA;ITALIA SOVRANA E POPOLARE;33468;1,59;NA;NA;NA
CAMERA;PIEMONTE;3320437;NA;NA;NA;NA;NA;VITA;10570;0,5;NA;NA;NA
CAMERA;PUGLIA;3217704;1819782;56,56;48572;28307;101;FRATELLI D'ITALIA CON GIORGIA MELONI, FORZA ITALIA, LEGA PER SALVINI PREMIER, NOI MODERATI/LUPI  TOTI  BRUGNARO  UDC;715717;41,07;7;9;16
CAMERA;PUGLIA;3217704;1819782;56,56;48572;28307;101;FRATELLI D'ITALIA CON GIORGIA MELONI;409527;23,5;4;NA;NA
CAMERA;PUGLIA;3217704;1819782;56,56;48572;28307;101;FORZA ITALIA;200559;11,51;2;NA;NA
CAMERA;PUGLIA;3217704;1819782;56,56;48572;28307;101;LEGA PER SALVINI PREMIER;92046;5,28;1;NA;NA
CAMERA;PUGLIA;3217704;1819782;56,56;48572;28307;101;NOI MODERATI/LUPI  TOTI  BRUGNARO  UDC;13585;0,78;NA;NA;NA
CAMERA;PUGLIA;3217704;1819782;56,56;48572;28307;101;MOVIMENTO 5 STELLE;487348;27,96;5;1;6
CAMERA;PUGLIA;3217704;1819782;56,56;48572;28307;101;PARTITO DEMOCRATICO  ITALIA DEMOCRATICA E PROGRESSISTA, ALLEANZA VERDI E SINISTRA, PiuEuropa, IMPEGNO CIVICO LUIGI DI MAIO  CENTRO DEMOCRATICO;392011;22,49;4;NA;4
CAMERA;PUGLIA;3217704;1819782;56,56;48572;28307;101;PARTITO DEMOCRATICO  ITALIA DEMOCRATICA E PROGRESSISTA;293188;16,82;3;NA;NA
CAMERA;PUGLIA;3217704;1819782;56,56;48572;28307;101;ALLEANZA VERDI E SINISTRA;52935;3,04;1;NA;NA
CAMERA;PUGLIA;3217704;1819782;56,56;48572;28307;101;PIUEUROPA;33483;1,92;NA;NA;NA
CAMERA;PUGLIA;3217704;1819782;56,56;48572;28307;101;IMPEGNO CIVICO LUIGI DI MAIO  CENTRO DEMOCRATICO;12405;0,71;NA;NA;NA
CAMERA;PUGLIA;3217704;1819782;56,56;48572;28307;101;AZIONE  ITALIA VIVA  CALENDA;83960;4,82;1;NA;1
CAMERA;PUGLIA;3217704;1819782;56,56;48572;28307;101;ITALEXIT PER L'ITALIA;25509;1,46;NA;NA;NA
CAMERA;PUGLIA;3217704;1819782;56,56;48572;28307;101;UNIONE POPOLARE CON DE MAGISTRIS;19481;1,12;NA;NA;NA
CAMERA;PUGLIA;3217704;1819782;56,56;48572;28307;101;ITALIA SOVRANA E POPOLARE;18781;1,08;NA;NA;NA
CAMERA;SARDEGNA;1342551;713774;53,17;18449;9713;40;FRATELLI D'ITALIA CON GIORGIA MELONI, FORZA ITALIA, LEGA PER SALVINI PREMIER, NOI MODERATI/LUPI  TOTI  BRUGNARO  UDC;277799;40,52;3;4;7
CAMERA;SARDEGNA;1342551;713774;53,17;18449;9713;40;FRATELLI D'ITALIA CON GIORGIA MELONI;161696;23,59;2;NA;NA
CAMERA;SARDEGNA;1342551;713774;53,17;18449;9713;40;FORZA ITALIA;58531;8,54;1;NA;NA
CAMERA;SARDEGNA;1342551;713774;53,17;18449;9713;40;LEGA PER SALVINI PREMIER;43061;6,28;NA;NA;NA
CAMERA;SARDEGNA;1342551;713774;53,17;18449;9713;40;NOI MODERATI/LUPI  TOTI  BRUGNARO  UDC;14511;2,12;NA;NA;NA
CAMERA;SARDEGNA;1342551;713774;53,17;18449;9713;40;PARTITO DEMOCRATICO  ITALIA DEMOCRATICA E PROGRESSISTA, ALLEANZA VERDI E SINISTRA, PiuEuropa, IMPEGNO CIVICO LUIGI DI MAIO  CENTRO DEMOCRATICO;184854;26,96;2;NA;2
CAMERA;SARDEGNA;1342551;713774;53,17;18449;9713;40;PARTITO DEMOCRATICO  ITALIA DEMOCRATICA E PROGRESSISTA;127438;18,59;1;NA;NA
CAMERA;SARDEGNA;1342551;713774;53,17;18449;9713;40;ALLEANZA VERDI E SINISTRA;35780;5,22;1;NA;NA
CAMERA;SARDEGNA;1342551;713774;53,17;18449;9713;40;PIUEUROPA;15431;2,25;NA;NA;NA
CAMERA;SARDEGNA;1342551;713774;53,17;18449;9713;40;IMPEGNO CIVICO LUIGI DI MAIO  CENTRO DEMOCRATICO;6205;0,91;NA;NA;NA
CAMERA;SARDEGNA;1342551;713774;53,17;18449;9713;40;MOVIMENTO 5 STELLE;149477;21,8;2;NA;2
CAMERA;SARDEGNA;1342551;713774;53,17;18449;9713;40;AZIONE  ITALIA VIVA  CALENDA;31593;4,61;NA;NA;NA
CAMERA;SARDEGNA;1342551;713774;53,17;18449;9713;40;ITALEXIT PER L'ITALIA;16669;2,43;NA;NA;NA
CAMERA;SARDEGNA;1342551;713774;53,17;18449;9713;40;UNIONE POPOLARE CON DE MAGISTRIS;10762;1,57;NA;NA;NA
CAMERA;SARDEGNA;1342551;713774;53,17;18449;9713;40;ITALIA SOVRANA E POPOLARE;10575;1,54;NA;NA;NA
CAMERA;SARDEGNA;1342551;713774;53,17;18449;9713;40;VITA;3858;0,56;NA;NA;NA
CAMERA;SICILIA;3921575;NA;NA;NA;NA;NA;FRATELLI D'ITALIA CON GIORGIA MELONI, FORZA ITALIA, LEGA PER SALVINI PREMIER, NOI MODERATI/LUPI  TOTI  BRUGNARO  UDC;735737;36,16;8;10;18
CAMERA;SICILIA;3921575;NA;NA;NA;NA;NA;FRATELLI D'ITALIA CON GIORGIA MELONI;388198;19,08;5;NA;NA
CAMERA;SICILIA;3921575;NA;NA;NA;NA;NA;FORZA ITALIA;228057;11,21;2;NA;NA
CAMERA;SICILIA;3921575;NA;NA;NA;NA;NA;LEGA PER SALVINI PREMIER;103188;5,07;1;NA;NA
CAMERA;SICILIA;3921575;NA;NA;NA;NA;NA;NOI MODERATI/LUPI  TOTI  BRUGNARO  UDC;16294;0,8;NA;NA;NA
CAMERA;SICILIA;3921575;NA;NA;NA;NA;NA;MOVIMENTO 5 STELLE;573426;28,18;6;1;7
CAMERA;SICILIA;3921575;NA;NA;NA;NA;NA;PARTITO DEMOCRATICO  ITALIA DEMOCRATICA E PROGRESSISTA, ALLEANZA VERDI E SINISTRA, PiuEuropa, IMPEGNO CIVICO LUIGI DI MAIO  CENTRO DEMOCRATICO;334161;16,42;3;NA;3
CAMERA;SICILIA;3921575;NA;NA;NA;NA;NA;PARTITO DEMOCRATICO  ITALIA DEMOCRATICA E PROGRESSISTA;241437;11,86;3;NA;NA
CAMERA;SICILIA;3921575;NA;NA;NA;NA;NA;ALLEANZA VERDI E SINISTRA;42075;2,07;NA;NA;NA
CAMERA;SICILIA;3921575;NA;NA;NA;NA;NA;PIUEUROPA;35091;1,72;NA;NA;NA
CAMERA;SICILIA;3921575;NA;NA;NA;NA;NA;IMPEGNO CIVICO LUIGI DI MAIO  CENTRO DEMOCRATICO;15558;0,76;NA;NA;NA
CAMERA;SICILIA;3921575;NA;NA;NA;NA;NA;SUD CHIAMA NORD;207496;10,2;NA;NA;NA
CAMERA;SICILIA;3921575;NA;NA;NA;NA;NA;AZIONE  ITALIA VIVA  CALENDA;104053;5,11;2;NA;2
CAMERA;SICILIA;3921575;NA;NA;NA;NA;NA;ITALEXIT PER L'ITALIA;35296;1,73;NA;NA;NA
CAMERA;SICILIA;3921575;NA;NA;NA;NA;NA;ITALIA SOVRANA E POPOLARE;21659;1,06;NA;NA;NA
CAMERA;SICILIA;3921575;NA;NA;NA;NA;NA;UNIONE POPOLARE CON DE MAGISTRIS;19156;0,94;NA;NA;NA
CAMERA;SICILIA;3921575;NA;NA;NA;NA;NA;VITA;3945;0,19;NA;NA;NA
CAMERA;TOSCANA;2811953;1961284;69,75;58167;25051;169;FRATELLI D'ITALIA CON GIORGIA MELONI, FORZA ITALIA, LEGA PER SALVINI PREMIER, NOI MODERATI/LUPI  TOTI  BRUGNARO  UDC;724492;38,58;6;7;13
CAMERA;TOSCANA;2811953;1961284;69,75;58167;25051;169;FRATELLI D'ITALIA CON GIORGIA MELONI;487339;25,95;4;NA;NA
CAMERA;TOSCANA;2811953;1961284;69,75;58167;25051;169;LEGA PER SALVINI PREMIER;123321;6,57;1;NA;NA
CAMERA;TOSCANA;2811953;1961284;69,75;58167;25051;169;FORZA ITALIA;104703;5,58;1;NA;NA
CAMERA;TOSCANA;2811953;1961284;69,75;58167;25051;169;NOI MODERATI/LUPI  TOTI  BRUGNARO  UDC;9129;0,49;NA;NA;NA
CAMERA;TOSCANA;2811953;1961284;69,75;58167;25051;169;PARTITO DEMOCRATICO  ITALIA DEMOCRATICA E PROGRESSISTA, ALLEANZA VERDI E SINISTRA, PiuEuropa, IMPEGNO CIVICO LUIGI DI MAIO  CENTRO DEMOCRATICO;650552;34,64;5;2;7
CAMERA;TOSCANA;2811953;1961284;69,75;58167;25051;169;PARTITO DEMOCRATICO  ITALIA DEMOCRATICA E PROGRESSISTA;495529;26,39;4;NA;NA
CAMERA;TOSCANA;2811953;1961284;69,75;58167;25051;169;ALLEANZA VERDI E SINISTRA;92584;4,93;1;NA;NA
CAMERA;TOSCANA;2811953;1961284;69,75;58167;25051;169;PIUEUROPA;54389;2,9;NA;NA;NA
CAMERA;TOSCANA;2811953;1961284;69,75;58167;25051;169;IMPEGNO CIVICO LUIGI DI MAIO  CENTRO DEMOCRATICO;8050;0,43;NA;NA;NA
CAMERA;TOSCANA;2811953;1961284;69,75;58167;25051;169;MOVIMENTO 5 STELLE;209240;11,14;2;NA;2
CAMERA;TOSCANA;2811953;1961284;69,75;58167;25051;169;AZIONE  ITALIA VIVA  CALENDA;176523;9,4;2;NA;2
CAMERA;TOSCANA;2811953;1961284;69,75;58167;25051;169;UNIONE POPOLARE CON DE MAGISTRIS;42072;2,24;NA;NA;NA
CAMERA;TOSCANA;2811953;1961284;69,75;58167;25051;169;ITALEXIT PER L'ITALIA;32262;1,72;NA;NA;NA
CAMERA;TOSCANA;2811953;1961284;69,75;58167;25051;169;ITALIA SOVRANA E POPOLARE;29169;1,55;NA;NA;NA
CAMERA;TOSCANA;2811953;1961284;69,75;58167;25051;169;VITA;13584;0,72;NA;NA;NA
CAMERA;UMBRIA;662094;455740;68,83;12954;6823;40;FRATELLI D'ITALIA CON GIORGIA MELONI, FORZA ITALIA, LEGA PER SALVINI PREMIER, NOI MODERATI/LUPI  TOTI  BRUGNARO  UDC;199731;45,82;2;2;4
CAMERA;UMBRIA;662094;455740;68,83;12954;6823;40;FRATELLI D'ITALIA CON GIORGIA MELONI;134357;30,82;2;NA;NA
CAMERA;UMBRIA;662094;455740;68,83;12954;6823;40;LEGA PER SALVINI PREMIER;33776;7,75;NA;NA;NA
CAMERA;UMBRIA;662094;455740;68,83;12954;6823;40;FORZA ITALIA;29789;6,83;NA;NA;NA
CAMERA;UMBRIA;662094;455740;68,83;12954;6823;40;NOI MODERATI/LUPI  TOTI  BRUGNARO  UDC;1809;0,41;NA;NA;NA
CAMERA;UMBRIA;662094;455740;68,83;12954;6823;40;PARTITO DEMOCRATICO  ITALIA DEMOCRATICA E PROGRESSISTA, ALLEANZA VERDI E SINISTRA, PiuEuropa, IMPEGNO CIVICO LUIGI DI MAIO  CENTRO DEMOCRATICO;117247;26,9;2;NA;2
CAMERA;UMBRIA;662094;455740;68,83;12954;6823;40;PARTITO DEMOCRATICO  ITALIA DEMOCRATICA E PROGRESSISTA;91052;20,89;2;NA;NA
CAMERA;UMBRIA;662094;455740;68,83;12954;6823;40;ALLEANZA VERDI E SINISTRA;15422;3,54;NA;NA;NA
CAMERA;UMBRIA;662094;455740;68,83;12954;6823;40;PIUEUROPA;9172;2,1;NA;NA;NA
CAMERA;UMBRIA;662094;455740;68,83;12954;6823;40;IMPEGNO CIVICO LUIGI DI MAIO  CENTRO DEMOCRATICO;1601;0,37;NA;NA;NA
CAMERA;UMBRIA;662094;455740;68,83;12954;6823;40;MOVIMENTO 5 STELLE;55195;12,66;NA;NA;NA
CAMERA;UMBRIA;662094;455740;68,83;12954;6823;40;AZIONE  ITALIA VIVA  CALENDA;35601;8,17;NA;NA;NA
CAMERA;UMBRIA;662094;455740;68,83;12954;6823;40;ITALEXIT PER L'ITALIA;7870;1,81;NA;NA;NA
CAMERA;UMBRIA;662094;455740;68,83;12954;6823;40;PARTITO COMUNISTA ITALIANO;6027;1,38;NA;NA;NA
CAMERA;UMBRIA;662094;455740;68,83;12954;6823;40;ITALIA SOVRANA E POPOLARE;5987;1,37;NA;NA;NA
CAMERA;UMBRIA;662094;455740;68,83;12954;6823;40;UNIONE POPOLARE CON DE MAGISTRIS;5442;1,25;NA;NA;NA
CAMERA;UMBRIA;662094;455740;68,83;12954;6823;40;VITA;2544;0,58;NA;NA;NA
CAMERA;UMBRIA;662094;455740;68,83;12954;6823;40;MASTELLA NOI DI CENTRO EUROPEISTI;279;0,06;NA;NA;NA
CAMERA;VENETO;3728012;2616007;70,17;70683;33281;154;FRATELLI D'ITALIA CON GIORGIA MELONI, FORZA ITALIA, LEGA PER SALVINI PREMIER, NOI MODERATI/LUPI - TOTI - BRUGNARO - UDC;1413108;55,82;12;12;24
CAMERA;VENETO;3728012;2616007;70,17;70683;33281;154;FRATELLI D'ITALIA CON GIORGIA MELONI;821583;32,45;7;NA;NA
CAMERA;VENETO;3728012;2616007;70,17;70683;33281;154;LEGA PER SALVINI PREMIER;365190;14,42;3;NA;NA
CAMERA;VENETO;3728012;2616007;70,17;70683;33281;154;FORZA ITALIA;175057;6,91;2;NA;NA
CAMERA;VENETO;3728012;2616007;70,17;70683;33281;154;NOI MODERATI/LUPI - TOTI - BRUGNARO - UDC;51278;2,03;NA;NA;NA
CAMERA;VENETO;3728012;2616007;70,17;70683;33281;154;PARTITO DEMOCRATICO - ITALIA DEMOCRATICA E PROGRESSISTA, ALLEANZA VERDI E SINISTRA, PiuEuropa, IMPEGNO CIVICO LUIGI DI MAIO - CENTRO DEMOCRATICO;578406;22,85;5;NA;NA
CAMERA;VENETO;3728012;2616007;70,17;70683;33281;154;PARTITO DEMOCRATICO - ITALIA DEMOCRATICA E PROGRESSISTA;409001;16,16;4;NA;NA
CAMERA;VENETO;3728012;2616007;70,17;70683;33281;154;ALLEANZA VERDI E SINISTRA;83426;3,3;1;NA;NA
CAMERA;VENETO;3728012;2616007;70,17;70683;33281;154;PIUEUROPA;77238;3,05;NA;NA;NA
CAMERA;VENETO;3728012;2616007;70,17;70683;33281;154;IMPEGNO CIVICO LUIGI DI MAIO - CENTRO DEMOCRATICO;8741;0,35;NA;NA;NA
CAMERA;VENETO;3728012;2616007;70,17;70683;33281;154;AZIONE - ITALIA VIVA - CALENDA;210720;8,32;2;NA;2
CAMERA;VENETO;3728012;2616007;70,17;70683;33281;154;MOVIMENTO 5 STELLE;166131;6,56;1;NA;1
CAMERA;VENETO;3728012;2616007;70,17;70683;33281;154;ITALEXIT PER L'ITALIA;62557;2,47;NA;NA;NA
CAMERA;VENETO;3728012;2616007;70,17;70683;33281;154;VITA;44430;1,75;NA;NA;NA
CAMERA;VENETO;3728012;2616007;70,17;70683;33281;154;ITALIA SOVRANA E POPOLARE;27853;1,1;NA;NA;NA
CAMERA;VENETO;3728012;2616007;70,17;70683;33281;154;UNIONE POPOLARE CON DE MAGISTRIS;24724;0,98;NA;NA;NA
CAMERA;VENETO;3728012;2616007;70,17;70683;33281;154;ALTERNATIVA PER L'ITALIA - NO GREEN PASS;3764;0,15;NA;NA;NA