"Circoscrizione","Collegio Uninominale","Coalizione/lista","Candidato","...5","...6","...7"
"PIEMONTE","PIEMONTE - U01","MASTELLA NOI DI CENTRO EUROPEISTI","PAOLA SPINOSA",NA,NA,NA
"PIEMONTE","PIEMONTE - U01","ITALEXIT PER L'ITALIA","SILVIA MARTINI",NA,NA,NA
"PIEMONTE","PIEMONTE - U01","FRATELLI D'ITALIA CON GIORGIA MELONI,LEGA PER SALVINI PREMIER,NOI MODERATI/LUPI - TOTI - BRUGNARO - UDC,FORZA ITALIA","MARZIA CASOLATI",NA,NA,NA
"PIEMONTE","PIEMONTE - U01","IMPEGNO CIVICO LUIGI DI MAIO - CENTRO DEMOCRATICO,PARTITO DEMOCRATICO - ITALIA DEMOCRATICA E PROGRESSISTA,+EUROPA,ALLEANZA VERDI E SINISTRA","ANDREA GIORGIS",NA,NA,NA
"PIEMONTE","PIEMONTE - U01","MOVIMENTO 5 STELLE","ALBERTO UNIA",NA,NA,NA
"PIEMONTE","PIEMONTE - U01","AZIONE - ITALIA VIVA - CALENDA","CRISTINA PEDDIS",NA,NA,NA
"PIEMONTE","PIEMONTE - U01","VITA","MARIA LUISA TOMA",NA,NA,NA
"PIEMONTE","PIEMONTE - U01","ALTERNATIVA PER L'ITALIA - NO GREEN PASS","STEFANO GRASSO",NA,NA,NA
"PIEMONTE","PIEMONTE - U01","ITALIA SOVRANA E POPOLARE","DIEGO SILVIO NOVO",NA,NA,NA
"PIEMONTE","PIEMONTE - U01","UNIONE POPOLARE CON DE MAGISTRIS","ADRIANO SCANGA",NA,NA,NA
"PIEMONTE","PIEMONTE - U02","MASTELLA NOI DI CENTRO EUROPEISTI","MAURO CASSI",NA,NA,NA
"PIEMONTE","PIEMONTE - U02","ITALEXIT PER L'ITALIA","MANUELA LATINO",NA,NA,NA
"PIEMONTE","PIEMONTE - U02","FRATELLI D'ITALIA CON GIORGIA MELONI,LEGA PER SALVINI PREMIER,NOI MODERATI/LUPI - TOTI - BRUGNARO - UDC,FORZA ITALIA","PAOLA AMBROGIO",NA,NA,NA
"PIEMONTE","PIEMONTE - U02","IMPEGNO CIVICO LUIGI DI MAIO - CENTRO DEMOCRATICO,PARTITO DEMOCRATICO - ITALIA DEMOCRATICA E PROGRESSISTA,+EUROPA,ALLEANZA VERDI E SINISTRA","ELENA APOLLONIO",NA,NA,NA
"PIEMONTE","PIEMONTE - U02","MOVIMENTO 5 STELLE","ELISA PIRRO",NA,NA,NA
"PIEMONTE","PIEMONTE - U02","AZIONE - ITALIA VIVA - CALENDA","MICHEL BOUQUET",NA,NA,NA
"PIEMONTE","PIEMONTE - U02","VITA","ANGELA FRA",NA,NA,NA
"PIEMONTE","PIEMONTE - U02","ALTERNATIVA PER L'ITALIA - NO GREEN PASS","MARILENA FORNELLI BARDINA",NA,NA,NA
"PIEMONTE","PIEMONTE - U02","ITALIA SOVRANA E POPOLARE","CARLO DEL VECCHIO",NA,NA,NA
"PIEMONTE","PIEMONTE - U02","UNIONE POPOLARE CON DE MAGISTRIS","DANIELA ALFONZI",NA,NA,NA
"PIEMONTE","PIEMONTE - U03","MASTELLA NOI DI CENTRO EUROPEISTI","SERGIO BELTRAME",NA,NA,NA
"PIEMONTE","PIEMONTE - U03","ITALEXIT PER L'ITALIA","PAUL RENATO ROSETTE",NA,NA,NA
"PIEMONTE","PIEMONTE - U03","FRATELLI D'ITALIA CON GIORGIA MELONI,LEGA PER SALVINI PREMIER,NOI MODERATI/LUPI - TOTI - BRUGNARO - UDC,FORZA ITALIA","GAETANO NASTRI",NA,NA,NA
"PIEMONTE","PIEMONTE - U03","IMPEGNO CIVICO LUIGI DI MAIO - CENTRO DEMOCRATICO,PARTITO DEMOCRATICO - ITALIA DEMOCRATICA E PROGRESSISTA,+EUROPA,ALLEANZA VERDI E SINISTRA","ROSSANO PIROVANO",NA,NA,NA
"PIEMONTE","PIEMONTE - U03","MOVIMENTO 5 STELLE","LUCA ZACCHERO",NA,NA,NA
"PIEMONTE","PIEMONTE - U03","AZIONE - ITALIA VIVA - CALENDA","ROBERTO CATALDO FAGGIANO",NA,NA,NA
"PIEMONTE","PIEMONTE - U03","VITA","GALGANO PALAFERRI",NA,NA,NA
"PIEMONTE","PIEMONTE - U03","ALTERNATIVA PER L'ITALIA - NO GREEN PASS","ELEONORA VETERE",NA,NA,NA
"PIEMONTE","PIEMONTE - U03","ITALIA SOVRANA E POPOLARE","FRANCESCA BUCINO",NA,NA,NA
"PIEMONTE","PIEMONTE - U03","UNIONE POPOLARE CON DE MAGISTRIS","GABRIELE ARATI",NA,NA,NA
"PIEMONTE","PIEMONTE - U04","MASTELLA NOI DI CENTRO EUROPEISTI","DELIA LUISELLA FERRARESE",NA,NA,NA
"PIEMONTE","PIEMONTE - U04","ITALEXIT PER L'ITALIA","CHIARA CHIRIO",NA,NA,NA
"PIEMONTE","PIEMONTE - U04","FRATELLI D'ITALIA CON GIORGIA MELONI,LEGA PER SALVINI PREMIER,NOI MODERATI/LUPI - TOTI - BRUGNARO - UDC,FORZA ITALIA","PAOLO ZANGRILLO",NA,NA,NA
"PIEMONTE","PIEMONTE - U04","IMPEGNO CIVICO LUIGI DI MAIO - CENTRO DEMOCRATICO,PARTITO DEMOCRATICO - ITALIA DEMOCRATICA E PROGRESSISTA,+EUROPA,ALLEANZA VERDI E SINISTRA","MARIA RITA ROSSA",NA,NA,NA
"PIEMONTE","PIEMONTE - U04","MOVIMENTO 5 STELLE","MARIASSUNTA MATRISCIANO",NA,NA,NA
"PIEMONTE","PIEMONTE - U04","AZIONE - ITALIA VIVA - CALENDA","ANNA BRACCO",NA,NA,NA
"PIEMONTE","PIEMONTE - U04","VITA","GIUSEPPA COSTANTINO",NA,NA,NA
"PIEMONTE","PIEMONTE - U04","ALTERNATIVA PER L'ITALIA - NO GREEN PASS","LUIGI SALVANESCHI",NA,NA,NA
"PIEMONTE","PIEMONTE - U04","ITALIA SOVRANA E POPOLARE","FULVIO GRIMALDI",NA,NA,NA
"PIEMONTE","PIEMONTE - U04","UNIONE POPOLARE CON DE MAGISTRIS","MANRICA BURI",NA,NA,NA
"PIEMONTE","PIEMONTE - U05","MASTELLA NOI DI CENTRO EUROPEISTI","GIOVANNI FREZZATO",NA,NA,NA
"PIEMONTE","PIEMONTE - U05","ITALEXIT PER L'ITALIA","DAVIDE GALLO",NA,NA,NA
"PIEMONTE","PIEMONTE - U05","FRATELLI D'ITALIA CON GIORGIA MELONI,LEGA PER SALVINI PREMIER,NOI MODERATI/LUPI - TOTI - BRUGNARO - UDC,FORZA ITALIA","GIORGIO MARIA BERGESIO",NA,NA,NA
"PIEMONTE","PIEMONTE - U05","IMPEGNO CIVICO LUIGI DI MAIO - CENTRO DEMOCRATICO,PARTITO DEMOCRATICO - ITALIA DEMOCRATICA E PROGRESSISTA,+EUROPA,ALLEANZA VERDI E SINISTRA","FIAMMETTA ROSSO",NA,NA,NA
"PIEMONTE","PIEMONTE - U05","MOVIMENTO 5 STELLE","ROBERTO FALCONE",NA,NA,NA
"PIEMONTE","PIEMONTE - U05","AZIONE - ITALIA VIVA - CALENDA","VINCENZO PELLEGRINO",NA,NA,NA
"PIEMONTE","PIEMONTE - U05","VITA","ALESSANDRO GUASTELLA",NA,NA,NA
"PIEMONTE","PIEMONTE - U05","ALTERNATIVA PER L'ITALIA - NO GREEN PASS","LOREDANA NINETTI",NA,NA,NA
"PIEMONTE","PIEMONTE - U05","ITALIA SOVRANA E POPOLARE","SONIA GRIECO",NA,NA,NA
"PIEMONTE","PIEMONTE - U05","UNIONE POPOLARE CON DE MAGISTRIS","MICHELE BARACCO",NA,NA,NA
"LOMBARDIA","LOMBARDIA - U01","+EUROPA,IMPEGNO CIVICO LUIGI DI MAIO - CENTRO DEMOCRATICO,ALLEANZA VERDI E SINISTRA,PARTITO DEMOCRATICO - ITALIA DEMOCRATICA E PROGRESSISTA","ORLANDO VIVALDO RINALDI",NA,NA,NA
"LOMBARDIA","LOMBARDIA - U01","MASTELLA NOI DI CENTRO EUROPEISTI","VINCENZO DONNARUMMA",NA,NA,NA
"LOMBARDIA","LOMBARDIA - U01","NOI MODERATI/LUPI - TOTI - BRUGNARO - UDC,LEGA PER SALVINI PREMIER,FRATELLI D'ITALIA CON GIORGIA MELONI,FORZA ITALIA","MASSIMILIANO ROMEO",NA,NA,NA
"LOMBARDIA","LOMBARDIA - U01","ITALIA SOVRANA E POPOLARE","EMANUELA BRUNA GUGGIOLA PASOLINI",NA,NA,NA
"LOMBARDIA","LOMBARDIA - U01","MOVIMENTO 5 STELLE","FRANCESCA BONOLDI",NA,NA,NA
"LOMBARDIA","LOMBARDIA - U01","ITALEXIT PER L'ITALIA","SONIA SIGURTA'",NA,NA,NA
"LOMBARDIA","LOMBARDIA - U01","AZIONE - ITALIA VIVA - CALENDA","GIUSEPPINA VERSACE",NA,NA,NA
"LOMBARDIA","LOMBARDIA - U01","UNIONE POPOLARE CON DE MAGISTRIS","ANNA MARIA LURIDIANA",NA,NA,NA
"LOMBARDIA","LOMBARDIA - U01","VITA","ANDREA TRONCONI",NA,NA,NA
"LOMBARDIA","LOMBARDIA - U02","+EUROPA,IMPEGNO CIVICO LUIGI DI MAIO - CENTRO DEMOCRATICO,ALLEANZA VERDI E SINISTRA,PARTITO DEMOCRATICO - ITALIA DEMOCRATICA E PROGRESSISTA","CONCETTA AURORA LONGO",NA,NA,NA
"LOMBARDIA","LOMBARDIA - U02","MASTELLA NOI DI CENTRO EUROPEISTI","LISA MOLTENI",NA,NA,NA
"LOMBARDIA","LOMBARDIA - U02","NOI MODERATI/LUPI - TOTI - BRUGNARO - UDC,LEGA PER SALVINI PREMIER,FRATELLI D'ITALIA CON GIORGIA MELONI,FORZA ITALIA","LICIA RONZULLI",NA,NA,NA
"LOMBARDIA","LOMBARDIA - U02","ITALIA SOVRANA E POPOLARE","LEONARDA MARIA BARBAROTTA",NA,NA,NA
"LOMBARDIA","LOMBARDIA - U02","MOVIMENTO 5 STELLE","TOMMASO LEONI",NA,NA,NA
"LOMBARDIA","LOMBARDIA - U02","ITALEXIT PER L'ITALIA","ROBERTO MAGGI",NA,NA,NA
"LOMBARDIA","LOMBARDIA - U02","AZIONE - ITALIA VIVA - CALENDA","GIUSEPPE CONTI",NA,NA,NA
"LOMBARDIA","LOMBARDIA - U02","UNIONE POPOLARE CON DE MAGISTRIS","PIERLUIGI TAVECCHIO",NA,NA,NA
"LOMBARDIA","LOMBARDIA - U02","VITA","MARZIA DEL PAPA",NA,NA,NA
"LOMBARDIA","LOMBARDIA - U06","+EUROPA,IMPEGNO CIVICO LUIGI DI MAIO - CENTRO DEMOCRATICO,ALLEANZA VERDI E SINISTRA,PARTITO DEMOCRATICO - ITALIA DEMOCRATICA E PROGRESSISTA","FEDERICA PERELLI",NA,NA,NA
"LOMBARDIA","LOMBARDIA - U06","MASTELLA NOI DI CENTRO EUROPEISTI","MARIA VIVOLO",NA,NA,NA
"LOMBARDIA","LOMBARDIA - U06","NOI MODERATI/LUPI - TOTI - BRUGNARO - UDC,LEGA PER SALVINI PREMIER,FRATELLI D'ITALIA CON GIORGIA MELONI,FORZA ITALIA","SILVIO BERLUSCONI",NA,NA,NA
"LOMBARDIA","LOMBARDIA - U06","ITALIA SOVRANA E POPOLARE","MARTINO PIROZZI",NA,NA,NA
"LOMBARDIA","LOMBARDIA - U06","MOVIMENTO 5 STELLE","BRUNO MARTON",NA,NA,NA
"LOMBARDIA","LOMBARDIA - U06","ITALEXIT PER L'ITALIA","FABIO MERONI",NA,NA,NA
"LOMBARDIA","LOMBARDIA - U06","AZIONE - ITALIA VIVA - CALENDA","FABIO GIOVANNI CARMELO ALBANESE",NA,NA,NA
"LOMBARDIA","LOMBARDIA - U06","UNIONE POPOLARE CON DE MAGISTRIS","ANITA GIURIATO",NA,NA,NA
"LOMBARDIA","LOMBARDIA - U06","VITA","CATERINA PAGLIARI",NA,NA,NA
"LOMBARDIA","LOMBARDIA - U03","+EUROPA,IMPEGNO CIVICO LUIGI DI MAIO - CENTRO DEMOCRATICO,ALLEANZA VERDI E SINISTRA,PARTITO DEMOCRATICO - ITALIA DEMOCRATICA E PROGRESSISTA","ANTONIO MISIANI",NA,NA,NA
"LOMBARDIA","LOMBARDIA - U03","MASTELLA NOI DI CENTRO EUROPEISTI","MASSIMO PICOZZI",NA,NA,NA
"LOMBARDIA","LOMBARDIA - U03","NOI MODERATI/LUPI - TOTI - BRUGNARO - UDC,LEGA PER SALVINI PREMIER,FRATELLI D'ITALIA CON GIORGIA MELONI,FORZA ITALIA","MARIA CRISTINA CANTU'",NA,NA,NA
"LOMBARDIA","LOMBARDIA - U03","ITALIA SOVRANA E POPOLARE","CLAUDIO SIGNORE",NA,NA,NA
"LOMBARDIA","LOMBARDIA - U03","MOVIMENTO 5 STELLE","EUGENIO CASALINO",NA,NA,NA
"LOMBARDIA","LOMBARDIA - U03","ITALEXIT PER L'ITALIA","GIANLUCA LUCIANO",NA,NA,NA
"LOMBARDIA","LOMBARDIA - U03","AZIONE - ITALIA VIVA - CALENDA","IVAN SCALFAROTTO",NA,NA,NA
"LOMBARDIA","LOMBARDIA - U03","UNIONE POPOLARE CON DE MAGISTRIS","ALESSANDRO LANZANI",NA,NA,NA
"LOMBARDIA","LOMBARDIA - U03","VITA","GIANCARLO INCERRANO",NA,NA,NA
"LOMBARDIA","LOMBARDIA - U04","+EUROPA,IMPEGNO CIVICO LUIGI DI MAIO - CENTRO DEMOCRATICO,ALLEANZA VERDI E SINISTRA,PARTITO DEMOCRATICO - ITALIA DEMOCRATICA E PROGRESSISTA","EMANUELE FIANO",NA,NA,NA
"LOMBARDIA","LOMBARDIA - U04","MASTELLA NOI DI CENTRO EUROPEISTI","MAURIZIO CORRENTI",NA,NA,NA
"LOMBARDIA","LOMBARDIA - U04","NOI MODERATI/LUPI - TOTI - BRUGNARO - UDC,LEGA PER SALVINI PREMIER,FRATELLI D'ITALIA CON GIORGIA MELONI,FORZA ITALIA","ISABELLA RAUTI",NA,NA,NA
"LOMBARDIA","LOMBARDIA - U04","ITALIA SOVRANA E POPOLARE","ALBERTO VALLICELLI",NA,NA,NA
"LOMBARDIA","LOMBARDIA - U04","MOVIMENTO 5 STELLE","ELENA SIRONI",NA,NA,NA
"LOMBARDIA","LOMBARDIA - U04","ITALEXIT PER L'ITALIA","SAMANTHA MAZZA",NA,NA,NA
"LOMBARDIA","LOMBARDIA - U04","AZIONE - ITALIA VIVA - CALENDA","TIZIANA DEMMA",NA,NA,NA
"LOMBARDIA","LOMBARDIA - U04","UNIONE POPOLARE CON DE MAGISTRIS","NADIA ROSA",NA,NA,NA
"LOMBARDIA","LOMBARDIA - U04","VITA","GIANNI GEMMA",NA,NA,NA
"LOMBARDIA","LOMBARDIA - U05","+EUROPA,IMPEGNO CIVICO LUIGI DI MAIO - CENTRO DEMOCRATICO,ALLEANZA VERDI E SINISTRA,PARTITO DEMOCRATICO - ITALIA DEMOCRATICA E PROGRESSISTA","ADRIANA ALBINI",NA,NA,NA
"LOMBARDIA","LOMBARDIA - U05","MASTELLA NOI DI CENTRO EUROPEISTI","SAMANTHA DEPONTI",NA,NA,NA
"LOMBARDIA","LOMBARDIA - U05","NOI MODERATI/LUPI - TOTI - BRUGNARO - UDC,LEGA PER SALVINI PREMIER,FRATELLI D'ITALIA CON GIORGIA MELONI,FORZA ITALIA","IGNAZIO BENITO MARIA LA RUSSA",NA,NA,NA
"LOMBARDIA","LOMBARDIA - U05","ITALIA SOVRANA E POPOLARE","ALDA MARINI",NA,NA,NA
"LOMBARDIA","LOMBARDIA - U05","MOVIMENTO 5 STELLE","PAOLA PIZZIGHINI",NA,NA,NA
"LOMBARDIA","LOMBARDIA - U05","ITALEXIT PER L'ITALIA","GIULIA GHETTI",NA,NA,NA
"LOMBARDIA","LOMBARDIA - U05","AZIONE - ITALIA VIVA - CALENDA","MARCO MALINVERNO",NA,NA,NA
"LOMBARDIA","LOMBARDIA - U05","UNIONE POPOLARE CON DE MAGISTRIS","SARA MARIA MASTRONICOLA",NA,NA,NA
"LOMBARDIA","LOMBARDIA - U05","VITA","GIUSEPPE MARZAGALLI",NA,NA,NA
"LOMBARDIA","LOMBARDIA - U10","+EUROPA,IMPEGNO CIVICO LUIGI DI MAIO - CENTRO DEMOCRATICO,ALLEANZA VERDI E SINISTRA,PARTITO DEMOCRATICO - ITALIA DEMOCRATICA E PROGRESSISTA","VALERIO FEDERICO",NA,NA,NA
"LOMBARDIA","LOMBARDIA - U10","MASTELLA NOI DI CENTRO EUROPEISTI","FABRIZIO CALEFFI",NA,NA,NA
"LOMBARDIA","LOMBARDIA - U10","NOI MODERATI/LUPI - TOTI - BRUGNARO - UDC,LEGA PER SALVINI PREMIER,FRATELLI D'ITALIA CON GIORGIA MELONI,FORZA ITALIA","GIAN MARCO CENTINAIO",NA,NA,NA
"LOMBARDIA","LOMBARDIA - U10","ITALIA SOVRANA E POPOLARE","BIANCA MARIA GIORLA",NA,NA,NA
"LOMBARDIA","LOMBARDIA - U10","MOVIMENTO 5 STELLE","SILVIA BALDINA",NA,NA,NA
"LOMBARDIA","LOMBARDIA - U10","ITALEXIT PER L'ITALIA","ELEONORA TEMPESTA",NA,NA,NA
"LOMBARDIA","LOMBARDIA - U10","AZIONE - ITALIA VIVA - CALENDA","FRANCESCA ZANCHI",NA,NA,NA
"LOMBARDIA","LOMBARDIA - U10","UNIONE POPOLARE CON DE MAGISTRIS","FRANCO ROSSI",NA,NA,NA
"LOMBARDIA","LOMBARDIA - U10","VITA","FULVIA PEZZINI",NA,NA,NA
"LOMBARDIA","LOMBARDIA - U07","+EUROPA,IMPEGNO CIVICO LUIGI DI MAIO - CENTRO DEMOCRATICO,ALLEANZA VERDI E SINISTRA,PARTITO DEMOCRATICO - ITALIA DEMOCRATICA E PROGRESSISTA","GIACOMO ANGELONI",NA,NA,NA
"LOMBARDIA","LOMBARDIA - U07","MASTELLA NOI DI CENTRO EUROPEISTI","ELENA ZOPPI",NA,NA,NA
"LOMBARDIA","LOMBARDIA - U07","NOI MODERATI/LUPI - TOTI - BRUGNARO - UDC,LEGA PER SALVINI PREMIER,FRATELLI D'ITALIA CON GIORGIA MELONI,FORZA ITALIA","DAISY PIROVANO",NA,NA,NA
"LOMBARDIA","LOMBARDIA - U07","ITALIA SOVRANA E POPOLARE","PAOLO BIANCHINI",NA,NA,NA
"LOMBARDIA","LOMBARDIA - U07","MOVIMENTO 5 STELLE","SABINA LUPO",NA,NA,NA
"LOMBARDIA","LOMBARDIA - U07","ITALEXIT PER L'ITALIA","LEONARDO BLASI",NA,NA,NA
"LOMBARDIA","LOMBARDIA - U07","AZIONE - ITALIA VIVA - CALENDA","ANDREA MOLTRASIO",NA,NA,NA
"LOMBARDIA","LOMBARDIA - U07","UNIONE POPOLARE CON DE MAGISTRIS","DARIO FRATUS",NA,NA,NA
"LOMBARDIA","LOMBARDIA - U07","VITA","SERENA FRANCESCA MURATORE",NA,NA,NA
"LOMBARDIA","LOMBARDIA - U08","+EUROPA,IMPEGNO CIVICO LUIGI DI MAIO - CENTRO DEMOCRATICO,ALLEANZA VERDI E SINISTRA,PARTITO DEMOCRATICO - ITALIA DEMOCRATICA E PROGRESSISTA","ROSA VITALE",NA,NA,NA
"LOMBARDIA","LOMBARDIA - U08","MASTELLA NOI DI CENTRO EUROPEISTI","GIUSEPPE COSTANZO",NA,NA,NA
"LOMBARDIA","LOMBARDIA - U08","NOI MODERATI/LUPI - TOTI - BRUGNARO - UDC,LEGA PER SALVINI PREMIER,FRATELLI D'ITALIA CON GIORGIA MELONI,FORZA ITALIA","STEFANO BORGHESI",NA,NA,NA
"LOMBARDIA","LOMBARDIA - U08","ITALIA SOVRANA E POPOLARE","VINCENZO DELILLO",NA,NA,NA
"LOMBARDIA","LOMBARDIA - U08","MOVIMENTO 5 STELLE","ANNA MARIA BONETTINI",NA,NA,NA
"LOMBARDIA","LOMBARDIA - U08","ITALEXIT PER L'ITALIA","EROS LODI",NA,NA,NA
"LOMBARDIA","LOMBARDIA - U08","AZIONE - ITALIA VIVA - CALENDA","RICCARDO CANINI",NA,NA,NA
"LOMBARDIA","LOMBARDIA - U08","UNIONE POPOLARE CON DE MAGISTRIS","DARIO FILIPPINI",NA,NA,NA
"LOMBARDIA","LOMBARDIA - U08","VITA","LORENA POLONINI",NA,NA,NA
"LOMBARDIA","LOMBARDIA - U09","+EUROPA,IMPEGNO CIVICO LUIGI DI MAIO - CENTRO DEMOCRATICO,ALLEANZA VERDI E SINISTRA,PARTITO DEMOCRATICO - ITALIA DEMOCRATICA E PROGRESSISTA","CRISTINA TEDALDI",NA,NA,NA
"LOMBARDIA","LOMBARDIA - U09","MASTELLA NOI DI CENTRO EUROPEISTI","FEDERICA FRANCESCA BONVINI",NA,NA,NA
"LOMBARDIA","LOMBARDIA - U09","NOI MODERATI/LUPI - TOTI - BRUGNARO - UDC,LEGA PER SALVINI PREMIER,FRATELLI D'ITALIA CON GIORGIA MELONI,FORZA ITALIA","GIULIOMARIA TERZI DI SANT'AGATA",NA,NA,NA
"LOMBARDIA","LOMBARDIA - U09","ITALIA SOVRANA E POPOLARE","PIETRO MARTINELLI",NA,NA,NA
"LOMBARDIA","LOMBARDIA - U09","MOVIMENTO 5 STELLE","MARIAROSA GHITTI",NA,NA,NA
"LOMBARDIA","LOMBARDIA - U09","ITALEXIT PER L'ITALIA","GIAN LUCA BERETTA",NA,NA,NA
"LOMBARDIA","LOMBARDIA - U09","AZIONE - ITALIA VIVA - CALENDA","MARIASTELLA GELMINI",NA,NA,NA
"LOMBARDIA","LOMBARDIA - U09","UNIONE POPOLARE CON DE MAGISTRIS","LAURA ALGHISI",NA,NA,NA
"LOMBARDIA","LOMBARDIA - U09","VITA","FLAMINIO MAFFETTINI",NA,NA,NA
"LOMBARDIA","LOMBARDIA - U11","+EUROPA,IMPEGNO CIVICO LUIGI DI MAIO - CENTRO DEMOCRATICO,ALLEANZA VERDI E SINISTRA,PARTITO DEMOCRATICO - ITALIA DEMOCRATICA E PROGRESSISTA","CARLO COTTARELLI",NA,NA,NA
"LOMBARDIA","LOMBARDIA - U11","MASTELLA NOI DI CENTRO EUROPEISTI","GIANCARLO NOLLI",NA,NA,NA
"LOMBARDIA","LOMBARDIA - U11","NOI MODERATI/LUPI - TOTI - BRUGNARO - UDC,LEGA PER SALVINI PREMIER,FRATELLI D'ITALIA CON GIORGIA MELONI,FORZA ITALIA","DANIELA GARNERO SANTANCHE'",NA,NA,NA
"LOMBARDIA","LOMBARDIA - U11","ITALIA SOVRANA E POPOLARE","MONICA PERUGINI",NA,NA,NA
"LOMBARDIA","LOMBARDIA - U11","MOVIMENTO 5 STELLE","UMBERTO DI FRANCO",NA,NA,NA
"LOMBARDIA","LOMBARDIA - U11","ITALEXIT PER L'ITALIA","LORENZA RIZZI",NA,NA,NA
"LOMBARDIA","LOMBARDIA - U11","AZIONE - ITALIA VIVA - CALENDA","FRANCESCA ZALTIERI",NA,NA,NA
"LOMBARDIA","LOMBARDIA - U11","UNIONE POPOLARE CON DE MAGISTRIS","PIERLUIGI LUISI",NA,NA,NA
"LOMBARDIA","LOMBARDIA - U11","VITA","GIUSEPPE BADOLATO",NA,NA,NA
"VENETO","VENETO - U01","ALLEANZA VERDI E SINISTRA,+EUROPA,PARTITO DEMOCRATICO - ITALIA DEMOCRATICA E PROGRESSISTA,IMPEGNO CIVICO LUIGI DI MAIO - CENTRO DEMOCRATICO","MICHELE MOGNATO",NA,NA,NA
"VENETO","VENETO - U01","NOI MODERATI/LUPI - TOTI - BRUGNARO - UDC,LEGA PER SALVINI PREMIER,FORZA ITALIA,FRATELLI D'ITALIA CON GIORGIA MELONI","RAFFAELE SPERANZON",NA,NA,NA
"VENETO","VENETO - U01","ITALEXIT PER L'ITALIA","NICOLETTA CIRIELLO",NA,NA,NA
"VENETO","VENETO - U01","VITA","VANESSA ZUPPA",NA,NA,NA
"VENETO","VENETO - U01","MOVIMENTO 5 STELLE","SARA GIAGGIO",NA,NA,NA
"VENETO","VENETO - U01","AZIONE - ITALIA VIVA - CALENDA","GABRIELE GALIAZZO",NA,NA,NA
"VENETO","VENETO - U01","ITALIA SOVRANA E POPOLARE","PAOLO DENAT",NA,NA,NA
"VENETO","VENETO - U01","UNIONE POPOLARE CON DE MAGISTRIS","FILIPPO NAPPI",NA,NA,NA
"VENETO","VENETO - U01","ALTERNATIVA PER L'ITALIA - NO GREEN PASS","PAOLA GANZ",NA,NA,NA
"VENETO","VENETO - U02","ALLEANZA VERDI E SINISTRA,+EUROPA,PARTITO DEMOCRATICO - ITALIA DEMOCRATICA E PROGRESSISTA,IMPEGNO CIVICO LUIGI DI MAIO - CENTRO DEMOCRATICO","PAOLO GALEANO",NA,NA,NA
"VENETO","VENETO - U02","NOI MODERATI/LUPI - TOTI - BRUGNARO - UDC,LEGA PER SALVINI PREMIER,FORZA ITALIA,FRATELLI D'ITALIA CON GIORGIA MELONI","LUCA DE CARLO",NA,NA,NA
"VENETO","VENETO - U02","ITALEXIT PER L'ITALIA","ROBERTO LEVI",NA,NA,NA
"VENETO","VENETO - U02","VITA","ALBERTO POLI",NA,NA,NA
"VENETO","VENETO - U02","MOVIMENTO 5 STELLE","FLAVIO BALDAN",NA,NA,NA
"VENETO","VENETO - U02","AZIONE - ITALIA VIVA - CALENDA","PAOLA TIZIANA FRANCESCA BERGAMO",NA,NA,NA
"VENETO","VENETO - U02","ITALIA SOVRANA E POPOLARE","LOREDANA VERONESE",NA,NA,NA
"VENETO","VENETO - U02","UNIONE POPOLARE CON DE MAGISTRIS","GABRIELLA CASSOL",NA,NA,NA
"VENETO","VENETO - U02","ALTERNATIVA PER L'ITALIA - NO GREEN PASS","MASSIMILIANO ZANNINI",NA,NA,NA
"VENETO","VENETO - U03","ALLEANZA VERDI E SINISTRA,+EUROPA,PARTITO DEMOCRATICO - ITALIA DEMOCRATICA E PROGRESSISTA,IMPEGNO CIVICO LUIGI DI MAIO - CENTRO DEMOCRATICO","EMANUELE ALECCI",NA,NA,NA
"VENETO","VENETO - U03","NOI MODERATI/LUPI - TOTI - BRUGNARO - UDC,LEGA PER SALVINI PREMIER,FORZA ITALIA,FRATELLI D'ITALIA CON GIORGIA MELONI","ANNA MARIA BERNINI",NA,NA,NA
"VENETO","VENETO - U03","ITALEXIT PER L'ITALIA","FRANCESCA CONZ",NA,NA,NA
"VENETO","VENETO - U03","VITA","LINA SPINELLI",NA,NA,NA
"VENETO","VENETO - U03","MOVIMENTO 5 STELLE","GIORGIO BURLINI",NA,NA,NA
"VENETO","VENETO - U03","AZIONE - ITALIA VIVA - CALENDA","INNOCENTE MARANGON",NA,NA,NA
"VENETO","VENETO - U03","ITALIA SOVRANA E POPOLARE","AMPELIO PINTON",NA,NA,NA
"VENETO","VENETO - U03","UNIONE POPOLARE CON DE MAGISTRIS","STEFANIA AQUILINI",NA,NA,NA
"VENETO","VENETO - U03","ALTERNATIVA PER L'ITALIA - NO GREEN PASS","TANIA TORRESI",NA,NA,NA
"VENETO","VENETO - U04","ALLEANZA VERDI E SINISTRA,+EUROPA,PARTITO DEMOCRATICO - ITALIA DEMOCRATICA E PROGRESSISTA,IMPEGNO CIVICO LUIGI DI MAIO - CENTRO DEMOCRATICO","CLAUDIA MARIA LONGHI",NA,NA,NA
"VENETO","VENETO - U04","NOI MODERATI/LUPI - TOTI - BRUGNARO - UDC,LEGA PER SALVINI PREMIER,FORZA ITALIA,FRATELLI D'ITALIA CON GIORGIA MELONI","MARA BIZZOTTO",NA,NA,NA
"VENETO","VENETO - U04","ITALEXIT PER L'ITALIA","GIORGIO AMADORI",NA,NA,NA
"VENETO","VENETO - U04","VITA","LUIGI CAPONETTO",NA,NA,NA
"VENETO","VENETO - U04","MOVIMENTO 5 STELLE","BARBARA GUIDOLIN",NA,NA,NA
"VENETO","VENETO - U04","AZIONE - ITALIA VIVA - CALENDA","MARILISA MUNARI",NA,NA,NA
"VENETO","VENETO - U04","ITALIA SOVRANA E POPOLARE","CRISTINA BOMITALI",NA,NA,NA
"VENETO","VENETO - U04","UNIONE POPOLARE CON DE MAGISTRIS","ROBERTO FOGAGNOLI",NA,NA,NA
"VENETO","VENETO - U04","ALTERNATIVA PER L'ITALIA - NO GREEN PASS","FILIPPO SCIORTINO",NA,NA,NA
"VENETO","VENETO - U05","ALLEANZA VERDI E SINISTRA,+EUROPA,PARTITO DEMOCRATICO - ITALIA DEMOCRATICA E PROGRESSISTA,IMPEGNO CIVICO LUIGI DI MAIO - CENTRO DEMOCRATICO","ANNA MARIA STERCHELE",NA,NA,NA
"VENETO","VENETO - U05","NOI MODERATI/LUPI - TOTI - BRUGNARO - UDC,LEGA PER SALVINI PREMIER,FORZA ITALIA,FRATELLI D'ITALIA CON GIORGIA MELONI","PAOLO TOSATO",NA,NA,NA
"VENETO","VENETO - U05","ITALEXIT PER L'ITALIA","STEFANO COBELLO",NA,NA,NA
"VENETO","VENETO - U05","VITA","CHIARA-STELLA SAUTTO",NA,NA,NA
"VENETO","VENETO - U05","MOVIMENTO 5 STELLE","MAURA ZAMBON",NA,NA,NA
"VENETO","VENETO - U05","AZIONE - ITALIA VIVA - CALENDA","DANILO MONTANARI",NA,NA,NA
"VENETO","VENETO - U05","ITALIA SOVRANA E POPOLARE","IVANO CORDIOLI",NA,NA,NA
"VENETO","VENETO - U05","UNIONE POPOLARE CON DE MAGISTRIS","RENATO PERETTI",NA,NA,NA
"VENETO","VENETO - U05","ALTERNATIVA PER L'ITALIA - NO GREEN PASS","NICOLO' ZAMBERLAN",NA,NA,NA
"FRIULI-VENEZIA GIULIA","FRIULI-VENEZIA GIULIA - U01","VITA","PIERUMBERTO STARACE",NA,NA,NA
"FRIULI-VENEZIA GIULIA","FRIULI-VENEZIA GIULIA - U01","UNIONE POPOLARE CON DE MAGISTRIS","EMILIA ACCOMANDO",NA,NA,NA
"FRIULI-VENEZIA GIULIA","FRIULI-VENEZIA GIULIA - U01","ALTERNATIVA PER L'ITALIA - NO GREEN PASS","VALENTINA BALDACCI",NA,NA,NA
"FRIULI-VENEZIA GIULIA","FRIULI-VENEZIA GIULIA - U01","ALLEANZA VERDI E SINISTRA,+EUROPA,IMPEGNO CIVICO LUIGI DI MAIO - CENTRO DEMOCRATICO,PARTITO DEMOCRATICO - ITALIA DEMOCRATICA E PROGRESSISTA","FURIO HONSELL",NA,NA,NA
"FRIULI-VENEZIA GIULIA","FRIULI-VENEZIA GIULIA - U01","ITALEXIT PER L'ITALIA","ANTONINO IRACA'",NA,NA,NA
"FRIULI-VENEZIA GIULIA","FRIULI-VENEZIA GIULIA - U01","NOI MODERATI/LUPI - TOTI - BRUGNARO - UDC,LEGA PER SALVINI PREMIER,FORZA ITALIA,FRATELLI D'ITALIA CON GIORGIA MELONI","LUCA CIRIANI",NA,NA,NA
"FRIULI-VENEZIA GIULIA","FRIULI-VENEZIA GIULIA - U01","MOVIMENTO 5 STELLE","STEFANO PATUANELLI",NA,NA,NA
"FRIULI-VENEZIA GIULIA","FRIULI-VENEZIA GIULIA - U01","MASTELLA NOI DI CENTRO EUROPEISTI","ENRICO MASIERO",NA,NA,NA
"FRIULI-VENEZIA GIULIA","FRIULI-VENEZIA GIULIA - U01","AZIONE - ITALIA VIVA - CALENDA","GIULIANO CASTENETTO",NA,NA,NA
"FRIULI-VENEZIA GIULIA","FRIULI-VENEZIA GIULIA - U01","ITALIA SOVRANA E POPOLARE","FABIO CAMILLUCCI",NA,NA,NA
"LIGURIA","LIGURIA - U01","MOVIMENTO 5 STELLE","ENRICO MARIA NADASI",NA,NA,NA
"LIGURIA","LIGURIA - U01","UNIONE POPOLARE CON DE MAGISTRIS","GIACOMO MARCHETTI",NA,NA,NA
"LIGURIA","LIGURIA - U01","FRATELLI D'ITALIA CON GIORGIA MELONI,FORZA ITALIA,NOI MODERATI/LUPI - TOTI - BRUGNARO - UDC,LEGA PER SALVINI PREMIER","GIOVANNI BERRINO",NA,NA,NA
"LIGURIA","LIGURIA - U01","VITA","RICCARDO FORTIN",NA,NA,NA
"LIGURIA","LIGURIA - U01","PARTITO COMUNISTA DEI LAVORATORI","MARCO GIUSEPPE FERRANDO",NA,NA,NA
"LIGURIA","LIGURIA - U01","AZIONE - ITALIA VIVA - CALENDA","MARIA CARIDI",NA,NA,NA
"LIGURIA","LIGURIA - U01","ITALEXIT PER L'ITALIA","FRANCESCA BARBATO",NA,NA,NA
"LIGURIA","LIGURIA - U01","+EUROPA,PARTITO DEMOCRATICO - ITALIA DEMOCRATICA E PROGRESSISTA,IMPEGNO CIVICO LUIGI DI MAIO - CENTRO DEMOCRATICO,ALLEANZA VERDI E SINISTRA","SANDRA ZAMPA",NA,NA,NA
"LIGURIA","LIGURIA - U01","MASTELLA NOI DI CENTRO EUROPEISTI","CARMELA ALBANESE",NA,NA,NA
"LIGURIA","LIGURIA - U01","ITALIA SOVRANA E POPOLARE","SILVANO CECCOLI",NA,NA,NA
"LIGURIA","LIGURIA - U02","MOVIMENTO 5 STELLE","BARBARA TRONCHI",NA,NA,NA
"LIGURIA","LIGURIA - U02","UNIONE POPOLARE CON DE MAGISTRIS","NORMA BERTULLACELLI",NA,NA,NA
"LIGURIA","LIGURIA - U02","FRATELLI D'ITALIA CON GIORGIA MELONI,FORZA ITALIA,NOI MODERATI/LUPI - TOTI - BRUGNARO - UDC,LEGA PER SALVINI PREMIER","STEFANIA PUCCIARELLI",NA,NA,NA
"LIGURIA","LIGURIA - U02","VITA","ELISA TOGNOCCHI",NA,NA,NA
"LIGURIA","LIGURIA - U02","PARTITO COMUNISTA DEI LAVORATORI","CINZIA RONZITTI",NA,NA,NA
"LIGURIA","LIGURIA - U02","AZIONE - ITALIA VIVA - CALENDA","ANGELO CARELLA",NA,NA,NA
"LIGURIA","LIGURIA - U02","ITALEXIT PER L'ITALIA","MARCO MORI",NA,NA,NA
"LIGURIA","LIGURIA - U02","+EUROPA,PARTITO DEMOCRATICO - ITALIA DEMOCRATICA E PROGRESSISTA,IMPEGNO CIVICO LUIGI DI MAIO - CENTRO DEMOCRATICO,ALLEANZA VERDI E SINISTRA","GUIDO MELLEY",NA,NA,NA
"LIGURIA","LIGURIA - U02","MASTELLA NOI DI CENTRO EUROPEISTI","ANTONIO MEROLA",NA,NA,NA
"LIGURIA","LIGURIA - U02","ITALIA SOVRANA E POPOLARE","SIMONETTA RUFFATO",NA,NA,NA
"EMILIA-ROMAGNA","EMILIA-ROMAGNA - U01","ALTERNATIVA PER L'ITALIA - NO GREEN PASS","ENRICO PAPI",NA,NA,NA
"EMILIA-ROMAGNA","EMILIA-ROMAGNA - U01","PARTITO ANIMALISTA - UCDL - 10 VOLTE MEGLIO","ALBA PROIETTI",NA,NA,NA
"EMILIA-ROMAGNA","EMILIA-ROMAGNA - U01","PARTITO DEMOCRATICO - ITALIA DEMOCRATICA E PROGRESSISTA,+EUROPA,ALLEANZA VERDI E SINISTRA,IMPEGNO CIVICO LUIGI DI MAIO - CENTRO DEMOCRATICO","GIUSEPPE NEGRI",NA,NA,NA
"EMILIA-ROMAGNA","EMILIA-ROMAGNA - U01","DESTRE UNITE","ROMINA SANZANI",NA,NA,NA
"EMILIA-ROMAGNA","EMILIA-ROMAGNA - U01","FRATELLI D'ITALIA CON GIORGIA MELONI,LEGA PER SALVINI PREMIER,NOI MODERATI/LUPI - TOTI - BRUGNARO - UDC,FORZA ITALIA","ELENA MURELLI",NA,NA,NA
"EMILIA-ROMAGNA","EMILIA-ROMAGNA - U01","UNIONE POPOLARE CON DE MAGISTRIS","HAITHAM ALLAWI",NA,NA,NA
"EMILIA-ROMAGNA","EMILIA-ROMAGNA - U01","ITALIA SOVRANA E POPOLARE","SILVIA DI CATALDO",NA,NA,NA
"EMILIA-ROMAGNA","EMILIA-ROMAGNA - U01","AZIONE - ITALIA VIVA - CALENDA","ALESSANDRO SBALBI",NA,NA,NA
"EMILIA-ROMAGNA","EMILIA-ROMAGNA - U01","MOVIMENTO 5 STELLE","GABRIELLA ANNA MARIA BLANCATO",NA,NA,NA
"EMILIA-ROMAGNA","EMILIA-ROMAGNA - U01","VITA","MARIANGELA SASSI",NA,NA,NA
"EMILIA-ROMAGNA","EMILIA-ROMAGNA - U01","ITALEXIT PER L'ITALIA","ERICA ROMANI",NA,NA,NA
"EMILIA-ROMAGNA","EMILIA-ROMAGNA - U01","MASTELLA NOI DI CENTRO EUROPEISTI","GABRIELLA BUSSOLATI",NA,NA,NA
"EMILIA-ROMAGNA","EMILIA-ROMAGNA - U02","ALTERNATIVA PER L'ITALIA - NO GREEN PASS","IRENE BARTOLOMASI",NA,NA,NA
"EMILIA-ROMAGNA","EMILIA-ROMAGNA - U02","PARTITO ANIMALISTA - UCDL - 10 VOLTE MEGLIO","ALESSANDRA CAROBBI",NA,NA,NA
"EMILIA-ROMAGNA","EMILIA-ROMAGNA - U02","PARTITO DEMOCRATICO - ITALIA DEMOCRATICA E PROGRESSISTA,+EUROPA,ALLEANZA VERDI E SINISTRA,IMPEGNO CIVICO LUIGI DI MAIO - CENTRO DEMOCRATICO","VINCENZA RANDO",NA,NA,NA
"EMILIA-ROMAGNA","EMILIA-ROMAGNA - U02","DESTRE UNITE","YOLANDA ANNA CHRISTINA BRIGHI",NA,NA,NA
"EMILIA-ROMAGNA","EMILIA-ROMAGNA - U02","FRATELLI D'ITALIA CON GIORGIA MELONI,LEGA PER SALVINI PREMIER,NOI MODERATI/LUPI - TOTI - BRUGNARO - UDC,FORZA ITALIA","ENRICO AIMI",NA,NA,NA
"EMILIA-ROMAGNA","EMILIA-ROMAGNA - U02","UNIONE POPOLARE CON DE MAGISTRIS","JUDITH PINNOCK",NA,NA,NA
"EMILIA-ROMAGNA","EMILIA-ROMAGNA - U02","ITALIA SOVRANA E POPOLARE","MICHELA VANDELLI",NA,NA,NA
"EMILIA-ROMAGNA","EMILIA-ROMAGNA - U02","AZIONE - ITALIA VIVA - CALENDA","CHIARA CASELGRANDI",NA,NA,NA
"EMILIA-ROMAGNA","EMILIA-ROMAGNA - U02","MOVIMENTO 5 STELLE","MARIA LAURA MANTOVANI",NA,NA,NA
"EMILIA-ROMAGNA","EMILIA-ROMAGNA - U02","VITA","ANTONIETTA GATTI",NA,NA,NA
"EMILIA-ROMAGNA","EMILIA-ROMAGNA - U02","ITALEXIT PER L'ITALIA","MICHELE CAMPARI",NA,NA,NA
"EMILIA-ROMAGNA","EMILIA-ROMAGNA - U02","MASTELLA NOI DI CENTRO EUROPEISTI","RENATO FRATI",NA,NA,NA
"EMILIA-ROMAGNA","EMILIA-ROMAGNA - U03","ALTERNATIVA PER L'ITALIA - NO GREEN PASS","MAURIZIO BALDACCI",NA,NA,NA
"EMILIA-ROMAGNA","EMILIA-ROMAGNA - U03","PARTITO ANIMALISTA - UCDL - 10 VOLTE MEGLIO","ALESSANDRO CAPUCCI",NA,NA,NA
"EMILIA-ROMAGNA","EMILIA-ROMAGNA - U03","PARTITO DEMOCRATICO - ITALIA DEMOCRATICA E PROGRESSISTA,+EUROPA,ALLEANZA VERDI E SINISTRA,IMPEGNO CIVICO LUIGI DI MAIO - CENTRO DEMOCRATICO","PIERFERDINANDO CASINI",NA,NA,NA
"EMILIA-ROMAGNA","EMILIA-ROMAGNA - U03","DESTRE UNITE","BRUNO SAVINI",NA,NA,NA
"EMILIA-ROMAGNA","EMILIA-ROMAGNA - U03","FRATELLI D'ITALIA CON GIORGIA MELONI,LEGA PER SALVINI PREMIER,NOI MODERATI/LUPI - TOTI - BRUGNARO - UDC,FORZA ITALIA","VITTORIO SGARBI",NA,NA,NA
"EMILIA-ROMAGNA","EMILIA-ROMAGNA - U03","UNIONE POPOLARE CON DE MAGISTRIS","MARCO ODORICI",NA,NA,NA
"EMILIA-ROMAGNA","EMILIA-ROMAGNA - U03","ITALIA SOVRANA E POPOLARE","RICCARDO PACCOSI",NA,NA,NA
"EMILIA-ROMAGNA","EMILIA-ROMAGNA - U03","AZIONE - ITALIA VIVA - CALENDA","MARCO LOMBARDO",NA,NA,NA
"EMILIA-ROMAGNA","EMILIA-ROMAGNA - U03","MOVIMENTO 5 STELLE","FABIO SELLERI",NA,NA,NA
"EMILIA-ROMAGNA","EMILIA-ROMAGNA - U03","VITA","STEFANO MONTANARI",NA,NA,NA
"EMILIA-ROMAGNA","EMILIA-ROMAGNA - U03","ITALEXIT PER L'ITALIA","DANIELE MATTEI",NA,NA,NA
"EMILIA-ROMAGNA","EMILIA-ROMAGNA - U03","MASTELLA NOI DI CENTRO EUROPEISTI","GIANNI CATELANI",NA,NA,NA
"EMILIA-ROMAGNA","EMILIA-ROMAGNA - U04","ALTERNATIVA PER L'ITALIA - NO GREEN PASS","CARLA LODI",NA,NA,NA
"EMILIA-ROMAGNA","EMILIA-ROMAGNA - U04","PARTITO ANIMALISTA - UCDL - 10 VOLTE MEGLIO","ROBERTA TRIVELLATO",NA,NA,NA
"EMILIA-ROMAGNA","EMILIA-ROMAGNA - U04","PARTITO DEMOCRATICO - ITALIA DEMOCRATICA E PROGRESSISTA,+EUROPA,ALLEANZA VERDI E SINISTRA,IMPEGNO CIVICO LUIGI DI MAIO - CENTRO DEMOCRATICO","MANUELA RONTINI",NA,NA,NA
"EMILIA-ROMAGNA","EMILIA-ROMAGNA - U04","DESTRE UNITE","DIVO PIRINI",NA,NA,NA
"EMILIA-ROMAGNA","EMILIA-ROMAGNA - U04","FRATELLI D'ITALIA CON GIORGIA MELONI,LEGA PER SALVINI PREMIER,NOI MODERATI/LUPI - TOTI - BRUGNARO - UDC,FORZA ITALIA","ALBERTO BALBONI",NA,NA,NA
"EMILIA-ROMAGNA","EMILIA-ROMAGNA - U04","UNIONE POPOLARE CON DE MAGISTRIS","MIRNA TESTI",NA,NA,NA
"EMILIA-ROMAGNA","EMILIA-ROMAGNA - U04","ITALIA SOVRANA E POPOLARE","GIORGIO FRANCHI",NA,NA,NA
"EMILIA-ROMAGNA","EMILIA-ROMAGNA - U04","AZIONE - ITALIA VIVA - CALENDA","SYLVIA KRANZ",NA,NA,NA
"EMILIA-ROMAGNA","EMILIA-ROMAGNA - U04","MOVIMENTO 5 STELLE","ANASTASIA RUGGERI",NA,NA,NA
"EMILIA-ROMAGNA","EMILIA-ROMAGNA - U04","VITA","LUCA TEODORI",NA,NA,NA
"EMILIA-ROMAGNA","EMILIA-ROMAGNA - U04","ITALEXIT PER L'ITALIA","PAOLA FUSCHINI",NA,NA,NA
"EMILIA-ROMAGNA","EMILIA-ROMAGNA - U04","MASTELLA NOI DI CENTRO EUROPEISTI","MARIA ROSA TOSI",NA,NA,NA
"EMILIA-ROMAGNA","EMILIA-ROMAGNA - U05","ALTERNATIVA PER L'ITALIA - NO GREEN PASS","SANDRO FERRER",NA,NA,NA
"EMILIA-ROMAGNA","EMILIA-ROMAGNA - U05","PARTITO ANIMALISTA - UCDL - 10 VOLTE MEGLIO","MELISSA MONTANARI",NA,NA,NA
"EMILIA-ROMAGNA","EMILIA-ROMAGNA - U05","PARTITO DEMOCRATICO - ITALIA DEMOCRATICA E PROGRESSISTA,+EUROPA,ALLEANZA VERDI E SINISTRA,IMPEGNO CIVICO LUIGI DI MAIO - CENTRO DEMOCRATICO","SIMONA EMANUELA ANNA CAROLINA VIOLA",NA,NA,NA
"EMILIA-ROMAGNA","EMILIA-ROMAGNA - U05","DESTRE UNITE","ROBERTO SANZANI",NA,NA,NA
"EMILIA-ROMAGNA","EMILIA-ROMAGNA - U05","FRATELLI D'ITALIA CON GIORGIA MELONI,LEGA PER SALVINI PREMIER,NOI MODERATI/LUPI - TOTI - BRUGNARO - UDC,FORZA ITALIA","MARTA FAROLFI",NA,NA,NA
"EMILIA-ROMAGNA","EMILIA-ROMAGNA - U05","UNIONE POPOLARE CON DE MAGISTRIS","ORESTE GODI",NA,NA,NA
"EMILIA-ROMAGNA","EMILIA-ROMAGNA - U05","ITALIA SOVRANA E POPOLARE","GUGLIELMO BOLOGNINI",NA,NA,NA
"EMILIA-ROMAGNA","EMILIA-ROMAGNA - U05","AZIONE - ITALIA VIVA - CALENDA","ELENA LEARDINI",NA,NA,NA
"EMILIA-ROMAGNA","EMILIA-ROMAGNA - U05","MOVIMENTO 5 STELLE","MARCO CROATTI",NA,NA,NA
"EMILIA-ROMAGNA","EMILIA-ROMAGNA - U05","VITA","NOEMI ZUCCHI",NA,NA,NA
"EMILIA-ROMAGNA","EMILIA-ROMAGNA - U05","ITALEXIT PER L'ITALIA","ELEONORA BARRECA",NA,NA,NA
"EMILIA-ROMAGNA","EMILIA-ROMAGNA - U05","MASTELLA NOI DI CENTRO EUROPEISTI","SABRINA FEDELI",NA,NA,NA
"TOSCANA","TOSCANA - U01","AZIONE - ITALIA VIVA - CALENDA","DAVIDE VIVALDI",NA,NA,NA
"TOSCANA","TOSCANA - U01","PARTITO COMUNISTA ITALIANO","MARCO BARZANTI",NA,NA,NA
"TOSCANA","TOSCANA - U01","ITALIA SOVRANA E POPOLARE","MARIA TERESA TURRINI",NA,NA,NA
"TOSCANA","TOSCANA - U01","VITA","TOMMASO AGOSTINI",NA,NA,NA
"TOSCANA","TOSCANA - U01","UNIONE POPOLARE CON DE MAGISTRIS","CLAUDIO CUBATTOLI",NA,NA,NA
"TOSCANA","TOSCANA - U01","FORZA ITALIA,LEGA PER SALVINI PREMIER,FRATELLI D'ITALIA CON GIORGIA MELONI,NOI MODERATI/LUPI - TOTI - BRUGNARO - UDC","SIMONA PETRUCCI",NA,NA,NA
"TOSCANA","TOSCANA - U01","MOVIMENTO 5 STELLE","ANDREA BARBAGLI",NA,NA,NA
"TOSCANA","TOSCANA - U01","ALLEANZA VERDI E SINISTRA,PARTITO DEMOCRATICO - ITALIA DEMOCRATICA E PROGRESSISTA,+EUROPA,IMPEGNO CIVICO LUIGI DI MAIO - CENTRO DEMOCRATICO","SILVIO FRANCESCHELLI",NA,NA,NA
"TOSCANA","TOSCANA - U01","ITALEXIT PER L'ITALIA","GUALTIERO BOMBA",NA,NA,NA
"TOSCANA","TOSCANA - U02","AZIONE - ITALIA VIVA - CALENDA","MASSIMO VITRANI",NA,NA,NA
"TOSCANA","TOSCANA - U02","PARTITO COMUNISTA ITALIANO","PATRIZIO ANDREOLI",NA,NA,NA
"TOSCANA","TOSCANA - U02","ITALIA SOVRANA E POPOLARE","GIOVANNI BACCIARDI",NA,NA,NA
"TOSCANA","TOSCANA - U02","VITA","SABRINA GIOVANNONI",NA,NA,NA
"TOSCANA","TOSCANA - U02","UNIONE POPOLARE CON DE MAGISTRIS","GIOVANNI BRUNO",NA,NA,NA
"TOSCANA","TOSCANA - U02","FORZA ITALIA,LEGA PER SALVINI PREMIER,FRATELLI D'ITALIA CON GIORGIA MELONI,NOI MODERATI/LUPI - TOTI - BRUGNARO - UDC","MANFREDI POTENTI",NA,NA,NA
"TOSCANA","TOSCANA - U02","MOVIMENTO 5 STELLE","VALERIA MARROCCO",NA,NA,NA
"TOSCANA","TOSCANA - U02","ALLEANZA VERDI E SINISTRA,PARTITO DEMOCRATICO - ITALIA DEMOCRATICA E PROGRESSISTA,+EUROPA,IMPEGNO CIVICO LUIGI DI MAIO - CENTRO DEMOCRATICO","ANDREA MARCUCCI",NA,NA,NA
"TOSCANA","TOSCANA - U02","ITALEXIT PER L'ITALIA","CINZIA DEL BIGALLO",NA,NA,NA
"TOSCANA","TOSCANA - U03","AZIONE - ITALIA VIVA - CALENDA","BARBARA MASINI",NA,NA,NA
"TOSCANA","TOSCANA - U03","PARTITO COMUNISTA ITALIANO","DEBORA BIANCHINI",NA,NA,NA
"TOSCANA","TOSCANA - U03","ITALIA SOVRANA E POPOLARE","DINA CIANELLI",NA,NA,NA
"TOSCANA","TOSCANA - U03","VITA","MARCO SANTERO",NA,NA,NA
"TOSCANA","TOSCANA - U03","UNIONE POPOLARE CON DE MAGISTRIS","RIGOLETTA VINCENTI",NA,NA,NA
"TOSCANA","TOSCANA - U03","FORZA ITALIA,LEGA PER SALVINI PREMIER,FRATELLI D'ITALIA CON GIORGIA MELONI,NOI MODERATI/LUPI - TOTI - BRUGNARO - UDC","PATRIZIO GIACOMO LA PIETRA",NA,NA,NA
"TOSCANA","TOSCANA - U03","MOVIMENTO 5 STELLE","MANUELA BELLANDI",NA,NA,NA
"TOSCANA","TOSCANA - U03","ALLEANZA VERDI E SINISTRA,PARTITO DEMOCRATICO - ITALIA DEMOCRATICA E PROGRESSISTA,+EUROPA,IMPEGNO CIVICO LUIGI DI MAIO - CENTRO DEMOCRATICO","ANNA GRAZIANI",NA,NA,NA
"TOSCANA","TOSCANA - U03","ITALEXIT PER L'ITALIA","MONICA CASTRO PIVETTA",NA,NA,NA
"TOSCANA","TOSCANA - U04","AZIONE - ITALIA VIVA - CALENDA","STEFANIA SACCARDI",NA,NA,NA
"TOSCANA","TOSCANA - U04","PARTITO COMUNISTA ITALIANO","ANNAMARIA ZISA",NA,NA,NA
"TOSCANA","TOSCANA - U04","ITALIA SOVRANA E POPOLARE","MAURIZIO ROMANI",NA,NA,NA
"TOSCANA","TOSCANA - U04","VITA","VANDA CIAIOLA",NA,NA,NA
"TOSCANA","TOSCANA - U04","UNIONE POPOLARE CON DE MAGISTRIS","FRANCESCA CONTI",NA,NA,NA
"TOSCANA","TOSCANA - U04","FORZA ITALIA,LEGA PER SALVINI PREMIER,FRATELLI D'ITALIA CON GIORGIA MELONI,NOI MODERATI/LUPI - TOTI - BRUGNARO - UDC","FEDERICA PICCHI",NA,NA,NA
"TOSCANA","TOSCANA - U04","MOVIMENTO 5 STELLE","CLAUDIO CANTELLA",NA,NA,NA
"TOSCANA","TOSCANA - U04","ALLEANZA VERDI E SINISTRA,PARTITO DEMOCRATICO - ITALIA DEMOCRATICA E PROGRESSISTA,+EUROPA,IMPEGNO CIVICO LUIGI DI MAIO - CENTRO DEMOCRATICO","ILARIA CUCCHI",NA,NA,NA
"TOSCANA","TOSCANA - U04","ITALEXIT PER L'ITALIA","GUGLIELMO MOSSUTO",NA,NA,NA
"UMBRIA","UMBRIA - U01","ALLEANZA VERDI E SINISTRA,IMPEGNO CIVICO LUIGI DI MAIO - CENTRO DEMOCRATICO,PARTITO DEMOCRATICO - ITALIA DEMOCRATICA E PROGRESSISTA,+EUROPA","FEDERICO NOVELLI",NA,NA,NA
"UMBRIA","UMBRIA - U01","MOVIMENTO 5 STELLE","FEDERICO PASCULLI",NA,NA,NA
"UMBRIA","UMBRIA - U01","AZIONE - ITALIA VIVA - CALENDA","DONATELLA PORZI",NA,NA,NA
"UMBRIA","UMBRIA - U01","PARTITO COMUNISTA ITALIANO","CARLO ROMAGNOLI",NA,NA,NA
"UMBRIA","UMBRIA - U01","ITALEXIT PER L'ITALIA","ANGELO BALDINELLI",NA,NA,NA
"UMBRIA","UMBRIA - U01","ITALIA SOVRANA E POPOLARE","FRANCESCO SCIAMANNINI",NA,NA,NA
"UMBRIA","UMBRIA - U01","NOI MODERATI/LUPI - TOTI - BRUGNARO - UDC,FRATELLI D'ITALIA CON GIORGIA MELONI,FORZA ITALIA,LEGA PER SALVINI PREMIER","FRANCESCO ZAFFINI",NA,NA,NA
"UMBRIA","UMBRIA - U01","UNIONE POPOLARE CON DE MAGISTRIS","AUGUSTO MANGONI",NA,NA,NA
"UMBRIA","UMBRIA - U01","VITA","MARINELLA GIULIETTI",NA,NA,NA
"MARCHE","MARCHE - U01","AZIONE - ITALIA VIVA - CALENDA","FABIO URBINATI",NA,NA,NA
"MARCHE","MARCHE - U01","PARTITO COMUNISTA ITALIANO","DANILO BERARDI",NA,NA,NA
"MARCHE","MARCHE - U01","ITALIA SOVRANA E POPOLARE","FILIPPO PANNELLI",NA,NA,NA
"MARCHE","MARCHE - U01","VITA","GIULIANA VENTURINI",NA,NA,NA
"MARCHE","MARCHE - U01","UNIONE POPOLARE CON DE MAGISTRIS","ELENA COMPAGNUCCI",NA,NA,NA
"MARCHE","MARCHE - U01","LEGA PER SALVINI PREMIER,FRATELLI D'ITALIA CON GIORGIA MELONI,FORZA ITALIA,NOI MODERATI/LUPI - TOTI - BRUGNARO - UDC","ELENA LEONARDI",NA,NA,NA
"MARCHE","MARCHE - U01","MOVIMENTO 5 STELLE","ROBERTO CATALDI",NA,NA,NA
"MARCHE","MARCHE - U01","IMPEGNO CIVICO LUIGI DI MAIO - CENTRO DEMOCRATICO,PARTITO DEMOCRATICO - ITALIA DEMOCRATICA E PROGRESSISTA,ALLEANZA VERDI E SINISTRA,+EUROPA","MIRELLA GATTARI",NA,NA,NA
"MARCHE","MARCHE - U01","ALTERNATIVA PER L'ITALIA - NO GREEN PASS","CRISTIANA DI STEFANO",NA,NA,NA
"MARCHE","MARCHE - U01","ITALEXIT PER L'ITALIA","ANDREA SPALLETTI",NA,NA,NA
"MARCHE","MARCHE - U02","AZIONE - ITALIA VIVA - CALENDA","ELENA FABBRI",NA,NA,NA
"MARCHE","MARCHE - U02","PARTITO COMUNISTA ITALIANO","STEFANIA SETTIMI",NA,NA,NA
"MARCHE","MARCHE - U02","ITALIA SOVRANA E POPOLARE","PAOLA RAPONI",NA,NA,NA
"MARCHE","MARCHE - U02","VITA","MARCO PALANGHI",NA,NA,NA
"MARCHE","MARCHE - U02","UNIONE POPOLARE CON DE MAGISTRIS","MARCO BINI",NA,NA,NA
"MARCHE","MARCHE - U02","LEGA PER SALVINI PREMIER,FRATELLI D'ITALIA CON GIORGIA MELONI,FORZA ITALIA,NOI MODERATI/LUPI - TOTI - BRUGNARO - UDC","ANTONIO DE POLI",NA,NA,NA
"MARCHE","MARCHE - U02","MOVIMENTO 5 STELLE","SAMUELA MELINI",NA,NA,NA
"MARCHE","MARCHE - U02","IMPEGNO CIVICO LUIGI DI MAIO - CENTRO DEMOCRATICO,PARTITO DEMOCRATICO - ITALIA DEMOCRATICA E PROGRESSISTA,ALLEANZA VERDI E SINISTRA,+EUROPA","MARCO BENTIVOGLI",NA,NA,NA
"MARCHE","MARCHE - U02","ALTERNATIVA PER L'ITALIA - NO GREEN PASS","GABRIELE CINTI",NA,NA,NA
"MARCHE","MARCHE - U02","ITALEXIT PER L'ITALIA","EMANUELA MERLI",NA,NA,NA
"LAZIO","LAZIO - U02","ITALIA SOVRANA E POPOLARE","MANUELA LOMEO",NA,NA,NA
"LAZIO","LAZIO - U02","FRATELLI D'ITALIA CON GIORGIA MELONI,FORZA ITALIA,LEGA PER SALVINI PREMIER,NOI MODERATI/LUPI - TOTI - BRUGNARO - UDC","LAVINIA MENNUNI",NA,NA,NA
"LAZIO","LAZIO - U02","ITALEXIT PER L'ITALIA","BRUNA MALASCHINI",NA,NA,NA
"LAZIO","LAZIO - U02","UNIONE POPOLARE CON DE MAGISTRIS","FRANCESCA ANNA PERRI",NA,NA,NA
"LAZIO","LAZIO - U02","VITA","CLAUDIA PAGANELLI",NA,NA,NA
"LAZIO","LAZIO - U02","AZIONE - ITALIA VIVA - CALENDA","CARLO CALENDA",NA,NA,NA
"LAZIO","LAZIO - U02","MOVIMENTO 5 STELLE","ALESSANDRA MAIORINO",NA,NA,NA
"LAZIO","LAZIO - U02","PARTITO COMUNISTA ITALIANO","BRUNO STERI",NA,NA,NA
"LAZIO","LAZIO - U02","+EUROPA,PARTITO DEMOCRATICO - ITALIA DEMOCRATICA E PROGRESSISTA,IMPEGNO CIVICO LUIGI DI MAIO - CENTRO DEMOCRATICO,ALLEANZA VERDI E SINISTRA","EMMA BONINO",NA,NA,NA
"LAZIO","LAZIO - U02","ALTERNATIVA PER L'ITALIA - NO GREEN PASS","MARIO ADINOLFI",NA,NA,NA
"LAZIO","LAZIO - U03","ITALIA SOVRANA E POPOLARE","ENZO PENNETTA",NA,NA,NA
"LAZIO","LAZIO - U03","FRATELLI D'ITALIA CON GIORGIA MELONI,FORZA ITALIA,LEGA PER SALVINI PREMIER,NOI MODERATI/LUPI - TOTI - BRUGNARO - UDC","GIULIA BONGIORNO",NA,NA,NA
"LAZIO","LAZIO - U03","ITALEXIT PER L'ITALIA","FELICE ANDREA TOTARO",NA,NA,NA
"LAZIO","LAZIO - U03","UNIONE POPOLARE CON DE MAGISTRIS","MARIA VITTORIA MOLINARI",NA,NA,NA
"LAZIO","LAZIO - U03","VITA","CESARE FRENI",NA,NA,NA
"LAZIO","LAZIO - U03","AZIONE - ITALIA VIVA - CALENDA","LIVIA PANDOLFI",NA,NA,NA
"LAZIO","LAZIO - U03","MOVIMENTO 5 STELLE","GIUSEPPE CRACCHIOLO",NA,NA,NA
"LAZIO","LAZIO - U03","PARTITO COMUNISTA ITALIANO","LAURA BORGARUCCI",NA,NA,NA
"LAZIO","LAZIO - U03","+EUROPA,PARTITO DEMOCRATICO - ITALIA DEMOCRATICA E PROGRESSISTA,IMPEGNO CIVICO LUIGI DI MAIO - CENTRO DEMOCRATICO,ALLEANZA VERDI E SINISTRA","ANDREA CATARCI",NA,NA,NA
"LAZIO","LAZIO - U03","ALTERNATIVA PER L'ITALIA - NO GREEN PASS","CLAUDIO MATTEODA",NA,NA,NA
"LAZIO","LAZIO - U04","ITALIA SOVRANA E POPOLARE","MARZIA COLITTI",NA,NA,NA
"LAZIO","LAZIO - U04","FRATELLI D'ITALIA CON GIORGIA MELONI,FORZA ITALIA,LEGA PER SALVINI PREMIER,NOI MODERATI/LUPI - TOTI - BRUGNARO - UDC","ESTER MIELI",NA,NA,NA
"LAZIO","LAZIO - U04","ITALEXIT PER L'ITALIA","MARIO IMPROTA",NA,NA,NA
"LAZIO","LAZIO - U04","UNIONE POPOLARE CON DE MAGISTRIS","STEFANIA ALESSANDRINI",NA,NA,NA
"LAZIO","LAZIO - U04","VITA","GUERRINO FAIETA",NA,NA,NA
"LAZIO","LAZIO - U04","AZIONE - ITALIA VIVA - CALENDA","MARIA RITA IORIO",NA,NA,NA
"LAZIO","LAZIO - U04","MOVIMENTO 5 STELLE","GIULIA LUPO",NA,NA,NA
"LAZIO","LAZIO - U04","PARTITO COMUNISTA ITALIANO","CRISTINA CIRILLO",NA,NA,NA
"LAZIO","LAZIO - U04","+EUROPA,PARTITO DEMOCRATICO - ITALIA DEMOCRATICA E PROGRESSISTA,IMPEGNO CIVICO LUIGI DI MAIO - CENTRO DEMOCRATICO,ALLEANZA VERDI E SINISTRA","MONICA CIRINNA'",NA,NA,NA
"LAZIO","LAZIO - U04","ALTERNATIVA PER L'ITALIA - NO GREEN PASS","ELEONORA ANTONUCCI",NA,NA,NA
"LAZIO","LAZIO - U01","ITALIA SOVRANA E POPOLARE","ANDREA ALQUATI",NA,NA,NA
"LAZIO","LAZIO - U01","FRATELLI D'ITALIA CON GIORGIA MELONI,FORZA ITALIA,LEGA PER SALVINI PREMIER,NOI MODERATI/LUPI - TOTI - BRUGNARO - UDC","CLAUDIO DURIGON",NA,NA,NA
"LAZIO","LAZIO - U01","ITALEXIT PER L'ITALIA","PAOLO CIPOLLONE",NA,NA,NA
"LAZIO","LAZIO - U01","UNIONE POPOLARE CON DE MAGISTRIS","IVANO PEDUZZI",NA,NA,NA
"LAZIO","LAZIO - U01","VITA","OMBRETTA DEL MONTE",NA,NA,NA
"LAZIO","LAZIO - U01","AZIONE - ITALIA VIVA - CALENDA","ALESSANDRO STERPA",NA,NA,NA
"LAZIO","LAZIO - U01","MOVIMENTO 5 STELLE","MASSIMO ERBETTI",NA,NA,NA
"LAZIO","LAZIO - U01","PARTITO COMUNISTA ITALIANO","ARNALDO MARCHETTI",NA,NA,NA
"LAZIO","LAZIO - U01","+EUROPA,PARTITO DEMOCRATICO - ITALIA DEMOCRATICA E PROGRESSISTA,IMPEGNO CIVICO LUIGI DI MAIO - CENTRO DEMOCRATICO,ALLEANZA VERDI E SINISTRA","ALESSANDRO MAZZOLI",NA,NA,NA
"LAZIO","LAZIO - U01","ALTERNATIVA PER L'ITALIA - NO GREEN PASS","MARIA RITA MARINETTI",NA,NA,NA
"LAZIO","LAZIO - U05","ITALIA SOVRANA E POPOLARE","EMANUELE DESSI'",NA,NA,NA
"LAZIO","LAZIO - U05","FRATELLI D'ITALIA CON GIORGIA MELONI,FORZA ITALIA,LEGA PER SALVINI PREMIER,NOI MODERATI/LUPI - TOTI - BRUGNARO - UDC","MARCO SILVESTRONI",NA,NA,NA
"LAZIO","LAZIO - U05","ITALEXIT PER L'ITALIA","MONICA NOBILI",NA,NA,NA
"LAZIO","LAZIO - U05","UNIONE POPOLARE CON DE MAGISTRIS","MARCO BIZZONI",NA,NA,NA
"LAZIO","LAZIO - U05","VITA","CRISTIANO FUDULI",NA,NA,NA
"LAZIO","LAZIO - U05","AZIONE - ITALIA VIVA - CALENDA","ILEANA CATHIA PIAZZONI",NA,NA,NA
"LAZIO","LAZIO - U05","MOVIMENTO 5 STELLE","STEFANO CHIRICO",NA,NA,NA
"LAZIO","LAZIO - U05","PARTITO COMUNISTA ITALIANO","LUCIA ADDARIO",NA,NA,NA
"LAZIO","LAZIO - U05","+EUROPA,PARTITO DEMOCRATICO - ITALIA DEMOCRATICA E PROGRESSISTA,IMPEGNO CIVICO LUIGI DI MAIO - CENTRO DEMOCRATICO,ALLEANZA VERDI E SINISTRA","SERENA GARA",NA,NA,NA
"LAZIO","LAZIO - U05","ALTERNATIVA PER L'ITALIA - NO GREEN PASS","PAOLA CALDARELLI",NA,NA,NA
"LAZIO","LAZIO - U06","ITALIA SOVRANA E POPOLARE","LUIGIA LOLLOBRIGIDA",NA,NA,NA
"LAZIO","LAZIO - U06","FRATELLI D'ITALIA CON GIORGIA MELONI,FORZA ITALIA,LEGA PER SALVINI PREMIER,NOI MODERATI/LUPI - TOTI - BRUGNARO - UDC","CLAUDIO FAZZONE",NA,NA,NA
"LAZIO","LAZIO - U06","ITALEXIT PER L'ITALIA","MARIATERESA BELLOFATTO",NA,NA,NA
"LAZIO","LAZIO - U06","UNIONE POPOLARE CON DE MAGISTRIS","DOMENICO CARCONE",NA,NA,NA
"LAZIO","LAZIO - U06","VITA","VIOLETTA TOMASSETTI",NA,NA,NA
"LAZIO","LAZIO - U06","AZIONE - ITALIA VIVA - CALENDA","ADAMO PANTANO",NA,NA,NA
"LAZIO","LAZIO - U06","MOVIMENTO 5 STELLE","ANNA SACCHETTI",NA,NA,NA
"LAZIO","LAZIO - U06","PARTITO COMUNISTA ITALIANO","EDOARDO CASTELLUCCI",NA,NA,NA
"LAZIO","LAZIO - U06","+EUROPA,PARTITO DEMOCRATICO - ITALIA DEMOCRATICA E PROGRESSISTA,IMPEGNO CIVICO LUIGI DI MAIO - CENTRO DEMOCRATICO,ALLEANZA VERDI E SINISTRA","SERGIO MESSORE",NA,NA,NA
"LAZIO","LAZIO - U06","ALTERNATIVA PER L'ITALIA - NO GREEN PASS","ROCCO D'ETTORRE",NA,NA,NA
"ABRUZZO","ABRUZZO - U01","IMPEGNO CIVICO LUIGI DI MAIO - CENTRO DEMOCRATICO,ALLEANZA VERDI E SINISTRA,PARTITO DEMOCRATICO - ITALIA DEMOCRATICA E PROGRESSISTA,+EUROPA","MASSIMO CARUGNO",NA,NA,NA
"ABRUZZO","ABRUZZO - U01","MOVIMENTO 5 STELLE","ISIDORO GIANLUCA MALANDRA",NA,NA,NA
"ABRUZZO","ABRUZZO - U01","ITALIA SOVRANA E POPOLARE","GIANLUCA BALDINI",NA,NA,NA
"ABRUZZO","ABRUZZO - U01","ITALEXIT PER L'ITALIA","ALDO DI BACCO",NA,NA,NA
"ABRUZZO","ABRUZZO - U01","UNIONE POPOLARE CON DE MAGISTRIS","RAFFAELE D'AGATA",NA,NA,NA
"ABRUZZO","ABRUZZO - U01","ALTERNATIVA PER L'ITALIA - NO GREEN PASS","LAURA LEONE",NA,NA,NA
"ABRUZZO","ABRUZZO - U01","FORZA ITALIA,NOI MODERATI/LUPI - TOTI - BRUGNARO - UDC,FRATELLI D'ITALIA CON GIORGIA MELONI,LEGA PER SALVINI PREMIER","GUIDO QUINTINO LIRIS",NA,NA,NA
"ABRUZZO","ABRUZZO - U01","AZIONE - ITALIA VIVA - CALENDA","GIANFRANCO CLAUDIO FELICE GIULIANTE",NA,NA,NA
"ABRUZZO","ABRUZZO - U01","VITA","NINO BRUNO",NA,NA,NA
"MOLISE","MOLISE - U01","MOVIMENTO 5 STELLE","OTTAVIO ANTONIO BALDUCCI",NA,NA,NA
"MOLISE","MOLISE - U01","PARTITO DEMOCRATICO - ITALIA DEMOCRATICA E PROGRESSISTA,IMPEGNO CIVICO LUIGI DI MAIO - CENTRO DEMOCRATICO,+EUROPA,ALLEANZA VERDI E SINISTRA","ROSSELLA GIANFAGNA",NA,NA,NA
"MOLISE","MOLISE - U01","FRATELLI D'ITALIA CON GIORGIA MELONI,FORZA ITALIA,NOI MODERATI/LUPI - TOTI - BRUGNARO - UDC,LEGA PER SALVINI PREMIER","CLAUDIO LOTITO",NA,NA,NA
"MOLISE","MOLISE - U01","ITALIA SOVRANA E POPOLARE","NICOLA LANZA",NA,NA,NA
"MOLISE","MOLISE - U01","AZIONE - ITALIA VIVA - CALENDA","CARLA GIAMMARIA",NA,NA,NA
"MOLISE","MOLISE - U01","UNIONE POPOLARE CON DE MAGISTRIS","ROSSANO PAZZAGLI",NA,NA,NA
"MOLISE","MOLISE - U01","MASTELLA NOI DI CENTRO EUROPEISTI","ANTONIO VISCO",NA,NA,NA
"CAMPANIA","CAMPANIA - U04","UNIONE POPOLARE CON DE MAGISTRIS","ELENA COCCIA",NA,NA,NA
"CAMPANIA","CAMPANIA - U04","+EUROPA,ALLEANZA VERDI E SINISTRA,IMPEGNO CIVICO LUIGI DI MAIO - CENTRO DEMOCRATICO,PARTITO DEMOCRATICO - ITALIA DEMOCRATICA E PROGRESSISTA","VALERIA VALENTE",NA,NA,NA
"CAMPANIA","CAMPANIA - U04","ITALEXIT PER L'ITALIA","ANGELA NITTOLO",NA,NA,NA
"CAMPANIA","CAMPANIA - U04","MOVIMENTO 5 STELLE","ADA LOPREIATO",NA,NA,NA
"CAMPANIA","CAMPANIA - U04","FORZA ITALIA,LEGA PER SALVINI PREMIER,FRATELLI D'ITALIA CON GIORGIA MELONI,NOI MODERATI/LUPI - TOTI - BRUGNARO - UDC","STEFANO CALDORO",NA,NA,NA
"CAMPANIA","CAMPANIA - U04","MASTELLA NOI DI CENTRO EUROPEISTI","MARIA GRAZIA CAMMAROTA",NA,NA,NA
"CAMPANIA","CAMPANIA - U04","AZIONE - ITALIA VIVA - CALENDA","GIUSEPPE RUSSO",NA,NA,NA
"CAMPANIA","CAMPANIA - U05","UNIONE POPOLARE CON DE MAGISTRIS","ANNA ORGANO",NA,NA,NA
"CAMPANIA","CAMPANIA - U05","+EUROPA,ALLEANZA VERDI E SINISTRA,IMPEGNO CIVICO LUIGI DI MAIO - CENTRO DEMOCRATICO,PARTITO DEMOCRATICO - ITALIA DEMOCRATICA E PROGRESSISTA","DAVIDE CRIPPA",NA,NA,NA
"CAMPANIA","CAMPANIA - U05","ITALEXIT PER L'ITALIA","MARIA ABATE",NA,NA,NA
"CAMPANIA","CAMPANIA - U05","MOVIMENTO 5 STELLE","MARIA DOMENICA CASTELLONE",NA,NA,NA
"CAMPANIA","CAMPANIA - U05","FORZA ITALIA,LEGA PER SALVINI PREMIER,FRATELLI D'ITALIA CON GIORGIA MELONI,NOI MODERATI/LUPI - TOTI - BRUGNARO - UDC","ELENA SCARLATO",NA,NA,NA
"CAMPANIA","CAMPANIA - U05","MASTELLA NOI DI CENTRO EUROPEISTI","GIUSEPPE BARRA",NA,NA,NA
"CAMPANIA","CAMPANIA - U05","AZIONE - ITALIA VIVA - CALENDA","VITTORIA CRISTIANO",NA,NA,NA
"CAMPANIA","CAMPANIA - U06","UNIONE POPOLARE CON DE MAGISTRIS","CLEMENTINA SASSO",NA,NA,NA
"CAMPANIA","CAMPANIA - U06","+EUROPA,ALLEANZA VERDI E SINISTRA,IMPEGNO CIVICO LUIGI DI MAIO - CENTRO DEMOCRATICO,PARTITO DEMOCRATICO - ITALIA DEMOCRATICA E PROGRESSISTA","ELEONORA DI NOCERA",NA,NA,NA
"CAMPANIA","CAMPANIA - U06","ITALEXIT PER L'ITALIA","SALVATORE CARAVIELLO",NA,NA,NA
"CAMPANIA","CAMPANIA - U06","MOVIMENTO 5 STELLE","ORFEO MAZZELLA",NA,NA,NA
"CAMPANIA","CAMPANIA - U06","FORZA ITALIA,LEGA PER SALVINI PREMIER,FRATELLI D'ITALIA CON GIORGIA MELONI,NOI MODERATI/LUPI - TOTI - BRUGNARO - UDC","GIUSEPPINA CASTIELLO",NA,NA,NA
"CAMPANIA","CAMPANIA - U06","MASTELLA NOI DI CENTRO EUROPEISTI","STEFANIA ROSSI",NA,NA,NA
"CAMPANIA","CAMPANIA - U06","AZIONE - ITALIA VIVA - CALENDA","MARIO SCOGNAMIGLIO",NA,NA,NA
"CAMPANIA","CAMPANIA - U07","UNIONE POPOLARE CON DE MAGISTRIS","FRANCESCO BRUNO",NA,NA,NA
"CAMPANIA","CAMPANIA - U07","+EUROPA,ALLEANZA VERDI E SINISTRA,IMPEGNO CIVICO LUIGI DI MAIO - CENTRO DEMOCRATICO,PARTITO DEMOCRATICO - ITALIA DEMOCRATICA E PROGRESSISTA","LEONARDO IMPEGNO",NA,NA,NA
"CAMPANIA","CAMPANIA - U07","ITALEXIT PER L'ITALIA","NICOLA MASSIMO",NA,NA,NA
"CAMPANIA","CAMPANIA - U07","MOVIMENTO 5 STELLE","RAFFAELE DE ROSA",NA,NA,NA
"CAMPANIA","CAMPANIA - U07","FORZA ITALIA,LEGA PER SALVINI PREMIER,FRATELLI D'ITALIA CON GIORGIA MELONI,NOI MODERATI/LUPI - TOTI - BRUGNARO - UDC","CLAUDIO BARBARO",NA,NA,NA
"CAMPANIA","CAMPANIA - U07","MASTELLA NOI DI CENTRO EUROPEISTI","PIA FEDI",NA,NA,NA
"CAMPANIA","CAMPANIA - U07","AZIONE - ITALIA VIVA - CALENDA","ANNARITA DI PALMA",NA,NA,NA
"CAMPANIA","CAMPANIA - U01","UNIONE POPOLARE CON DE MAGISTRIS","RENATO DELLE FEMMINE",NA,NA,NA
"CAMPANIA","CAMPANIA - U01","+EUROPA,ALLEANZA VERDI E SINISTRA,IMPEGNO CIVICO LUIGI DI MAIO - CENTRO DEMOCRATICO,PARTITO DEMOCRATICO - ITALIA DEMOCRATICA E PROGRESSISTA","TOMMASO DE SIMONE",NA,NA,NA
"CAMPANIA","CAMPANIA - U01","ITALEXIT PER L'ITALIA","LETIZIA D'ONOFRIO",NA,NA,NA
"CAMPANIA","CAMPANIA - U01","MOVIMENTO 5 STELLE","ANTONIO DEL MONACO",NA,NA,NA
"CAMPANIA","CAMPANIA - U01","FORZA ITALIA,LEGA PER SALVINI PREMIER,FRATELLI D'ITALIA CON GIORGIA MELONI,NOI MODERATI/LUPI - TOTI - BRUGNARO - UDC","GIOVANNA PETRENGA",NA,NA,NA
"CAMPANIA","CAMPANIA - U01","MASTELLA NOI DI CENTRO EUROPEISTI","MICHELE DI STASIO",NA,NA,NA
"CAMPANIA","CAMPANIA - U01","AZIONE - ITALIA VIVA - CALENDA","OVIDIO MARZAIOLI",NA,NA,NA
"CAMPANIA","CAMPANIA - U02","UNIONE POPOLARE CON DE MAGISTRIS","TIZIANA SALVETTI",NA,NA,NA
"CAMPANIA","CAMPANIA - U02","+EUROPA,ALLEANZA VERDI E SINISTRA,IMPEGNO CIVICO LUIGI DI MAIO - CENTRO DEMOCRATICO,PARTITO DEMOCRATICO - ITALIA DEMOCRATICA E PROGRESSISTA","CARLO IANNACE",NA,NA,NA
"CAMPANIA","CAMPANIA - U02","ITALEXIT PER L'ITALIA","TERESA CAPUTO",NA,NA,NA
"CAMPANIA","CAMPANIA - U02","MOVIMENTO 5 STELLE","MAURA SARNO",NA,NA,NA
"CAMPANIA","CAMPANIA - U02","FORZA ITALIA,LEGA PER SALVINI PREMIER,FRATELLI D'ITALIA CON GIORGIA MELONI,NOI MODERATI/LUPI - TOTI - BRUGNARO - UDC","GIULIA COSENZA",NA,NA,NA
"CAMPANIA","CAMPANIA - U02","MASTELLA NOI DI CENTRO EUROPEISTI","ARMANDO ROCCO",NA,NA,NA
"CAMPANIA","CAMPANIA - U02","AZIONE - ITALIA VIVA - CALENDA","FRANCESCA MITE",NA,NA,NA
"CAMPANIA","CAMPANIA - U03","UNIONE POPOLARE CON DE MAGISTRIS","LORENZO FORTE",NA,NA,NA
"CAMPANIA","CAMPANIA - U03","+EUROPA,ALLEANZA VERDI E SINISTRA,IMPEGNO CIVICO LUIGI DI MAIO - CENTRO DEMOCRATICO,PARTITO DEMOCRATICO - ITALIA DEMOCRATICA E PROGRESSISTA","ANNA PETRONE",NA,NA,NA
"CAMPANIA","CAMPANIA - U03","ITALEXIT PER L'ITALIA","GIOVANNI GOLINO",NA,NA,NA
"CAMPANIA","CAMPANIA - U03","MOVIMENTO 5 STELLE","FRANCESCO CASTIELLO",NA,NA,NA
"CAMPANIA","CAMPANIA - U03","FORZA ITALIA,LEGA PER SALVINI PREMIER,FRATELLI D'ITALIA CON GIORGIA MELONI,NOI MODERATI/LUPI - TOTI - BRUGNARO - UDC","ANTONIO IANNONE",NA,NA,NA
"CAMPANIA","CAMPANIA - U03","MASTELLA NOI DI CENTRO EUROPEISTI","ANTONIO PIERRI",NA,NA,NA
"CAMPANIA","CAMPANIA - U03","AZIONE - ITALIA VIVA - CALENDA","LUIGI CASCIELLO",NA,NA,NA
"PUGLIA","PUGLIA - U01","FRATELLI D'ITALIA CON GIORGIA MELONI,NOI MODERATI/LUPI - TOTI - BRUGNARO - UDC,LEGA PER SALVINI PREMIER,FORZA ITALIA","ANNA MARIA FALLUCCHI",NA,NA,NA
"PUGLIA","PUGLIA - U01","AZIONE - ITALIA VIVA - CALENDA","LORENZO FRATTAROLO",NA,NA,NA
"PUGLIA","PUGLIA - U01","UNIONE POPOLARE CON DE MAGISTRIS","ELENA INCORONATA PALLARA",NA,NA,NA
"PUGLIA","PUGLIA - U01","MOVIMENTO 5 STELLE","GISELLA NATURALE",NA,NA,NA
"PUGLIA","PUGLIA - U01","ITALEXIT PER L'ITALIA","VALENTINA BRATTI",NA,NA,NA
"PUGLIA","PUGLIA - U01","+EUROPA,PARTITO DEMOCRATICO - ITALIA DEMOCRATICA E PROGRESSISTA,IMPEGNO CIVICO LUIGI DI MAIO - CENTRO DEMOCRATICO,ALLEANZA VERDI E SINISTRA","TERESA CICOLELLA",NA,NA,NA
"PUGLIA","PUGLIA - U01","SUD CHIAMA NORD","COMINGIO ROSSI",NA,NA,NA
"PUGLIA","PUGLIA - U01","PARTITO COMUNISTA ITALIANO","VINCENZO SINISI",NA,NA,NA
"PUGLIA","PUGLIA - U01","VITA","PAOLA  ANGELA PATERA",NA,NA,NA
"PUGLIA","PUGLIA - U01","ITALIA SOVRANA E POPOLARE","COSIMO MASSARO",NA,NA,NA
"PUGLIA","PUGLIA - U01","ALTERNATIVA PER L'ITALIA - NO GREEN PASS","ANNA FORTUNATO",NA,NA,NA
"PUGLIA","PUGLIA - U02","FRATELLI D'ITALIA CON GIORGIA MELONI,NOI MODERATI/LUPI - TOTI - BRUGNARO - UDC,LEGA PER SALVINI PREMIER,FORZA ITALIA","FRANCESCO PAOLO SISTO",NA,NA,NA
"PUGLIA","PUGLIA - U02","AZIONE - ITALIA VIVA - CALENDA","STEFANIA D'ADDATO",NA,NA,NA
"PUGLIA","PUGLIA - U02","UNIONE POPOLARE CON DE MAGISTRIS","FRANCO BARTOLOMEI",NA,NA,NA
"PUGLIA","PUGLIA - U02","MOVIMENTO 5 STELLE","MICHELE CORATELLA",NA,NA,NA
"PUGLIA","PUGLIA - U02","ITALEXIT PER L'ITALIA","PASQUALE SIMONE",NA,NA,NA
"PUGLIA","PUGLIA - U02","+EUROPA,PARTITO DEMOCRATICO - ITALIA DEMOCRATICA E PROGRESSISTA,IMPEGNO CIVICO LUIGI DI MAIO - CENTRO DEMOCRATICO,ALLEANZA VERDI E SINISTRA","DOMENICO LOMELO",NA,NA,NA
"PUGLIA","PUGLIA - U02","SUD CHIAMA NORD","DEBORA GRAZIANO",NA,NA,NA
"PUGLIA","PUGLIA - U02","PARTITO COMUNISTA ITALIANO","ALESSANDRO MASSAFRA",NA,NA,NA
"PUGLIA","PUGLIA - U02","VITA","GIANCARLO VINCITORIO",NA,NA,NA
"PUGLIA","PUGLIA - U02","ITALIA SOVRANA E POPOLARE","NICOLA DI GENNARO",NA,NA,NA
"PUGLIA","PUGLIA - U02","ALTERNATIVA PER L'ITALIA - NO GREEN PASS","TERESA TRITTO",NA,NA,NA
"PUGLIA","PUGLIA - U03","FRATELLI D'ITALIA CON GIORGIA MELONI,NOI MODERATI/LUPI - TOTI - BRUGNARO - UDC,LEGA PER SALVINI PREMIER,FORZA ITALIA","FILIPPO MELCHIORRE",NA,NA,NA
"PUGLIA","PUGLIA - U03","AZIONE - ITALIA VIVA - CALENDA","NUNZIA CINONE",NA,NA,NA
"PUGLIA","PUGLIA - U03","UNIONE POPOLARE CON DE MAGISTRIS","PATRIZIA ANGELA ROMANA CARLUCCI",NA,NA,NA
"PUGLIA","PUGLIA - U03","MOVIMENTO 5 STELLE","MARIA LA GHEZZA",NA,NA,NA
"PUGLIA","PUGLIA - U03","ITALEXIT PER L'ITALIA","CAMILLA CAMPANELLA",NA,NA,NA
"PUGLIA","PUGLIA - U03","+EUROPA,PARTITO DEMOCRATICO - ITALIA DEMOCRATICA E PROGRESSISTA,IMPEGNO CIVICO LUIGI DI MAIO - CENTRO DEMOCRATICO,ALLEANZA VERDI E SINISTRA","MICHELE NITTI",NA,NA,NA
"PUGLIA","PUGLIA - U03","SUD CHIAMA NORD","LUCIA PARTIPILO",NA,NA,NA
"PUGLIA","PUGLIA - U03","PARTITO COMUNISTA ITALIANO","DONATA ALBERGO",NA,NA,NA
"PUGLIA","PUGLIA - U03","VITA","CARLO ZEULI",NA,NA,NA
"PUGLIA","PUGLIA - U03","ITALIA SOVRANA E POPOLARE","NICOLA SIGNORILE",NA,NA,NA
"PUGLIA","PUGLIA - U03","ALTERNATIVA PER L'ITALIA - NO GREEN PASS","BIAGIO CANTATORE",NA,NA,NA
"PUGLIA","PUGLIA - U04","FRATELLI D'ITALIA CON GIORGIA MELONI,NOI MODERATI/LUPI - TOTI - BRUGNARO - UDC,LEGA PER SALVINI PREMIER,FORZA ITALIA","VITA MARIA NOCCO",NA,NA,NA
"PUGLIA","PUGLIA - U04","AZIONE - ITALIA VIVA - CALENDA","NICOLA BRUNI",NA,NA,NA
"PUGLIA","PUGLIA - U04","UNIONE POPOLARE CON DE MAGISTRIS","ANGELO LEO",NA,NA,NA
"PUGLIA","PUGLIA - U04","MOVIMENTO 5 STELLE","ROBERTO FUSCO",NA,NA,NA
"PUGLIA","PUGLIA - U04","ITALEXIT PER L'ITALIA","MICHELA DISTRATIS",NA,NA,NA
"PUGLIA","PUGLIA - U04","+EUROPA,PARTITO DEMOCRATICO - ITALIA DEMOCRATICA E PROGRESSISTA,IMPEGNO CIVICO LUIGI DI MAIO - CENTRO DEMOCRATICO,ALLEANZA VERDI E SINISTRA","MARIA GRAZIA CASCARANO",NA,NA,NA
"PUGLIA","PUGLIA - U04","SUD CHIAMA NORD","ERASMO GIOVE",NA,NA,NA
"PUGLIA","PUGLIA - U04","PARTITO COMUNISTA ITALIANO","GABRIELE ANNESE",NA,NA,NA
"PUGLIA","PUGLIA - U04","VITA","ALBERTO LAZZARO",NA,NA,NA
"PUGLIA","PUGLIA - U04","ITALIA SOVRANA E POPOLARE","ROSA MARGIOTTA",NA,NA,NA
"PUGLIA","PUGLIA - U04","ALTERNATIVA PER L'ITALIA - NO GREEN PASS","ALESSANDRO GENTILE",NA,NA,NA
"PUGLIA","PUGLIA - U05","FRATELLI D'ITALIA CON GIORGIA MELONI,NOI MODERATI/LUPI - TOTI - BRUGNARO - UDC,LEGA PER SALVINI PREMIER,FORZA ITALIA","ROBERTO MARTI",NA,NA,NA
"PUGLIA","PUGLIA - U05","AZIONE - ITALIA VIVA - CALENDA","ALFREDO PAGLIARO",NA,NA,NA
"PUGLIA","PUGLIA - U05","UNIONE POPOLARE CON DE MAGISTRIS","DUILIO COSIMO ROMANELLO",NA,NA,NA
"PUGLIA","PUGLIA - U05","MOVIMENTO 5 STELLE","ANTONIO SALVATORE TREVISI",NA,NA,NA
"PUGLIA","PUGLIA - U05","ITALEXIT PER L'ITALIA","RAFFAELE CESARIO",NA,NA,NA
"PUGLIA","PUGLIA - U05","+EUROPA,PARTITO DEMOCRATICO - ITALIA DEMOCRATICA E PROGRESSISTA,IMPEGNO CIVICO LUIGI DI MAIO - CENTRO DEMOCRATICO,ALLEANZA VERDI E SINISTRA","PIETRO LUIGI LOPALCO",NA,NA,NA
"PUGLIA","PUGLIA - U05","SUD CHIAMA NORD","ETTORE MARINELLI",NA,NA,NA
"PUGLIA","PUGLIA - U05","PARTITO COMUNISTA ITALIANO","ADA DONNO",NA,NA,NA
"PUGLIA","PUGLIA - U05","VITA","GIOVANNA SPINELLI",NA,NA,NA
"PUGLIA","PUGLIA - U05","ITALIA SOVRANA E POPOLARE","GRAZIA MAREMONTI",NA,NA,NA
"PUGLIA","PUGLIA - U05","ALTERNATIVA PER L'ITALIA - NO GREEN PASS","PASQUALINA IMPERIALE",NA,NA,NA
"BASILICATA","BASILICATA - U01","AZIONE - ITALIA VIVA - CALENDA","MARIANGELA GUERRA",NA,NA,NA
"BASILICATA","BASILICATA - U01","PARTITO COMUNISTA ITALIANO","ANTONIO PALLOTTINO",NA,NA,NA
"BASILICATA","BASILICATA - U01","ITALIA SOVRANA E POPOLARE","MICHELE SIGNA",NA,NA,NA
"BASILICATA","BASILICATA - U01","MASTELLA NOI DI CENTRO EUROPEISTI","PIERGIUSEPPE ANTONIO PECORARO",NA,NA,NA
"BASILICATA","BASILICATA - U01","UNIONE POPOLARE CON DE MAGISTRIS","GIOVANNI COLANGELO",NA,NA,NA
"BASILICATA","BASILICATA - U01","LEGA PER SALVINI PREMIER,FRATELLI D'ITALIA CON GIORGIA MELONI,FORZA ITALIA,NOI MODERATI/LUPI - TOTI - BRUGNARO - UDC","MARIA ELISABETTA ALBERTI CASELLATI",NA,NA,NA
"BASILICATA","BASILICATA - U01","MOVIMENTO 5 STELLE","ANTONIO MATERDOMINI",NA,NA,NA
"BASILICATA","BASILICATA - U01","IMPEGNO CIVICO LUIGI DI MAIO - CENTRO DEMOCRATICO,ALLEANZA VERDI E SINISTRA,PARTITO DEMOCRATICO - ITALIA DEMOCRATICA E PROGRESSISTA,+EUROPA","IGNAZIO PETRONE",NA,NA,NA
"BASILICATA","BASILICATA - U01","ITALEXIT PER L'ITALIA","ROBERTO ROBILOTTA",NA,NA,NA
"CALABRIA","CALABRIA - U01","AZIONE - ITALIA VIVA - CALENDA","DANIELA FLAVIA VENTURA",NA,NA,NA
"CALABRIA","CALABRIA - U01","PARTITO COMUNISTA ITALIANO","ANTONIO MANFREDI",NA,NA,NA
"CALABRIA","CALABRIA - U01","ITALIA SOVRANA E POPOLARE","LUCIO SESSA",NA,NA,NA
"CALABRIA","CALABRIA - U01","MASTELLA NOI DI CENTRO EUROPEISTI","VITA LENTINI",NA,NA,NA
"CALABRIA","CALABRIA - U01","VITA","PALMA QUARTAROLO",NA,NA,NA
"CALABRIA","CALABRIA - U01","FORZA DEL POPOLO","MORENA DE LUCA",NA,NA,NA
"CALABRIA","CALABRIA - U01","SUD CHIAMA NORD","ROSSELLA ANDOLFO",NA,NA,NA
"CALABRIA","CALABRIA - U01","UNIONE POPOLARE CON DE MAGISTRIS","UGO VETERE",NA,NA,NA
"CALABRIA","CALABRIA - U01","FRATELLI D'ITALIA CON GIORGIA MELONI,FORZA ITALIA,LEGA PER SALVINI PREMIER,NOI MODERATI/LUPI - TOTI - BRUGNARO - UDC","ERNESTO RAPANI",NA,NA,NA
"CALABRIA","CALABRIA - U01","MOVIMENTO 5 STELLE","MARIA SALADINO",NA,NA,NA
"CALABRIA","CALABRIA - U01","+EUROPA,ALLEANZA VERDI E SINISTRA,IMPEGNO CIVICO LUIGI DI MAIO - CENTRO DEMOCRATICO,PARTITO DEMOCRATICO - ITALIA DEMOCRATICA E PROGRESSISTA","FRANCESCA DORATO",NA,NA,NA
"CALABRIA","CALABRIA - U01","ALTERNATIVA PER L'ITALIA - NO GREEN PASS","VINCENZO CHIARAMONTE",NA,NA,NA
"CALABRIA","CALABRIA - U01","PARTITO ANIMALISTA - UCDL - 10 VOLTE MEGLIO","VINCENZO CERULLO",NA,NA,NA
"CALABRIA","CALABRIA - U01","ITALEXIT PER L'ITALIA","KATARZYNA EDYTA BELBOT",NA,NA,NA
"CALABRIA","CALABRIA - U02","AZIONE - ITALIA VIVA - CALENDA","AGOSTINO SIVIGLIA",NA,NA,NA
"CALABRIA","CALABRIA - U02","PARTITO COMUNISTA ITALIANO","ROSA POLITANO'",NA,NA,NA
"CALABRIA","CALABRIA - U02","ITALIA SOVRANA E POPOLARE","ANTONIA CONDEMI",NA,NA,NA
"CALABRIA","CALABRIA - U02","MASTELLA NOI DI CENTRO EUROPEISTI","DOMENICO PENDOLINO",NA,NA,NA
"CALABRIA","CALABRIA - U02","VITA","GIOVANNI GIANNUZZI",NA,NA,NA
"CALABRIA","CALABRIA - U02","FORZA DEL POPOLO","ANTONIO GENNARO LA ROTONDA",NA,NA,NA
"CALABRIA","CALABRIA - U02","SUD CHIAMA NORD","ANTONINO BARTUCCIO",NA,NA,NA
"CALABRIA","CALABRIA - U02","UNIONE POPOLARE CON DE MAGISTRIS","ANGELINA ANTONIETTA MARTINO",NA,NA,NA
"CALABRIA","CALABRIA - U02","FRATELLI D'ITALIA CON GIORGIA MELONI,FORZA ITALIA,LEGA PER SALVINI PREMIER,NOI MODERATI/LUPI - TOTI - BRUGNARO - UDC","CLOTILDE MINASI",NA,NA,NA
"CALABRIA","CALABRIA - U02","MOVIMENTO 5 STELLE","GIUSEPPE AUDDINO",NA,NA,NA
"CALABRIA","CALABRIA - U02","+EUROPA,ALLEANZA VERDI E SINISTRA,IMPEGNO CIVICO LUIGI DI MAIO - CENTRO DEMOCRATICO,PARTITO DEMOCRATICO - ITALIA DEMOCRATICA E PROGRESSISTA","FRANCESCO PITARO",NA,NA,NA
"CALABRIA","CALABRIA - U02","ALTERNATIVA PER L'ITALIA - NO GREEN PASS","ANTONELLA PERISSINOTTI BISONI",NA,NA,NA
"CALABRIA","CALABRIA - U02","PARTITO ANIMALISTA - UCDL - 10 VOLTE MEGLIO","MARISA GRECO",NA,NA,NA
"CALABRIA","CALABRIA - U02","ITALEXIT PER L'ITALIA","ERNESTO LAMANNA",NA,NA,NA
"SICILIA","SICILIA - U01","LEGA PER SALVINI PREMIER,FRATELLI D'ITALIA CON GIORGIA MELONI,NOI MODERATI/LUPI - TOTI - BRUGNARO - UDC,FORZA ITALIA","MARIO BARBUTO",NA,NA,NA
"SICILIA","SICILIA - U01","MOVIMENTO 5 STELLE","DOLORES BEVILAQUA",NA,NA,NA
"SICILIA","SICILIA - U01","ALLEANZA VERDI E SINISTRA,+EUROPA,PARTITO DEMOCRATICO - ITALIA DEMOCRATICA E PROGRESSISTA,IMPEGNO CIVICO LUIGI DI MAIO - CENTRO DEMOCRATICO","ANTONINO TERMINELLI",NA,NA,NA
"SICILIA","SICILIA - U01","AZIONE - ITALIA VIVA - CALENDA","GIUSEPPA PROVINO",NA,NA,NA
"SICILIA","SICILIA - U01","SUD CHIAMA NORD","ANTONELLA PANZECA",NA,NA,NA
"SICILIA","SICILIA - U01","UNIONE POPOLARE CON DE MAGISTRIS","GIOVANNI MANISCALCO",NA,NA,NA
"SICILIA","SICILIA - U01","VITA","ALESSANDRO BUONOCUNTO",NA,NA,NA
"SICILIA","SICILIA - U01","ITALEXIT PER L'ITALIA","RICCARDO SANTANGELO",NA,NA,NA
"SICILIA","SICILIA - U01","ITALIA SOVRANA E POPOLARE","ANDREA ODDO",NA,NA,NA
"SICILIA","SICILIA - U02","LEGA PER SALVINI PREMIER,FRATELLI D'ITALIA CON GIORGIA MELONI,NOI MODERATI/LUPI - TOTI - BRUGNARO - UDC,FORZA ITALIA","RAOUL RUSSO",NA,NA,NA
"SICILIA","SICILIA - U02","MOVIMENTO 5 STELLE","GIUSEPPE CHIAZZESE",NA,NA,NA
"SICILIA","SICILIA - U02","ALLEANZA VERDI E SINISTRA,+EUROPA,PARTITO DEMOCRATICO - ITALIA DEMOCRATICA E PROGRESSISTA,IMPEGNO CIVICO LUIGI DI MAIO - CENTRO DEMOCRATICO","STEFANIA MARASCIA",NA,NA,NA
"SICILIA","SICILIA - U02","AZIONE - ITALIA VIVA - CALENDA","GIOVANNI BAVETTA",NA,NA,NA
"SICILIA","SICILIA - U02","SUD CHIAMA NORD","TOMMASO GARGANO",NA,NA,NA
"SICILIA","SICILIA - U02","UNIONE POPOLARE CON DE MAGISTRIS","SUSANNA CARACCI",NA,NA,NA
"SICILIA","SICILIA - U02","VITA","KAREN TONA",NA,NA,NA
"SICILIA","SICILIA - U02","ITALEXIT PER L'ITALIA","GIULIANA MARIA FUNDARO'",NA,NA,NA
"SICILIA","SICILIA - U02","ITALIA SOVRANA E POPOLARE","NUNZIATINA DI PAOLA",NA,NA,NA
"SICILIA","SICILIA - U03","LEGA PER SALVINI PREMIER,FRATELLI D'ITALIA CON GIORGIA MELONI,NOI MODERATI/LUPI - TOTI - BRUGNARO - UDC,FORZA ITALIA","STEFANIA GABRIELLA ANASTASIA CRAXI",NA,NA,NA
"SICILIA","SICILIA - U03","MOVIMENTO 5 STELLE","PIETRO LOREFICE",NA,NA,NA
"SICILIA","SICILIA - U03","ALLEANZA VERDI E SINISTRA,+EUROPA,PARTITO DEMOCRATICO - ITALIA DEMOCRATICA E PROGRESSISTA,IMPEGNO CIVICO LUIGI DI MAIO - CENTRO DEMOCRATICO","MARINA CALOGERA CASTIGLIONE",NA,NA,NA
"SICILIA","SICILIA - U03","AZIONE - ITALIA VIVA - CALENDA","MICHELE TERMINI",NA,NA,NA
"SICILIA","SICILIA - U03","SUD CHIAMA NORD","MARZIA MANISCALCO",NA,NA,NA
"SICILIA","SICILIA - U03","UNIONE POPOLARE CON DE MAGISTRIS","NICOLA PULEO",NA,NA,NA
"SICILIA","SICILIA - U03","VITA","ROBERTO MANZONE",NA,NA,NA
"SICILIA","SICILIA - U03","ITALEXIT PER L'ITALIA","MARIA CATERINA SCIACCA",NA,NA,NA
"SICILIA","SICILIA - U03","ITALIA SOVRANA E POPOLARE","MARIA FRANCESCA MOSCA",NA,NA,NA
"SICILIA","SICILIA - U04","LEGA PER SALVINI PREMIER,FRATELLI D'ITALIA CON GIORGIA MELONI,NOI MODERATI/LUPI - TOTI - BRUGNARO - UDC,FORZA ITALIA","SEBASTIANO MUSUMECI",NA,NA,NA
"SICILIA","SICILIA - U04","MOVIMENTO 5 STELLE","GIUSEPPINA RANNONE",NA,NA,NA
"SICILIA","SICILIA - U04","ALLEANZA VERDI E SINISTRA,+EUROPA,PARTITO DEMOCRATICO - ITALIA DEMOCRATICA E PROGRESSISTA,IMPEGNO CIVICO LUIGI DI MAIO - CENTRO DEMOCRATICO","ORAZIO ERMANNO ARANCIO",NA,NA,NA
"SICILIA","SICILIA - U04","AZIONE - ITALIA VIVA - CALENDA","TIZIANA D'ANNA",NA,NA,NA
"SICILIA","SICILIA - U04","SUD CHIAMA NORD","CATENO DE LUCA",NA,NA,NA
"SICILIA","SICILIA - U04","UNIONE POPOLARE CON DE MAGISTRIS","GOFFREDO D'ANTONA",NA,NA,NA
"SICILIA","SICILIA - U04","ALTERNATIVA PER L'ITALIA - NO GREEN PASS","GIANFRANCO DI BARTOLO",NA,NA,NA
"SICILIA","SICILIA - U04","VITA","NICOLETTA RE",NA,NA,NA
"SICILIA","SICILIA - U04","ITALEXIT PER L'ITALIA","NUNZIA ALESSANDRA SCHILIRO'",NA,NA,NA
"SICILIA","SICILIA - U04","ITALIA SOVRANA E POPOLARE","MARILENA GIORDANO",NA,NA,NA
"SICILIA","SICILIA - U05","LEGA PER SALVINI PREMIER,FRATELLI D'ITALIA CON GIORGIA MELONI,NOI MODERATI/LUPI - TOTI - BRUGNARO - UDC,FORZA ITALIA","SALVATORE SALLEMI",NA,NA,NA
"SICILIA","SICILIA - U05","MOVIMENTO 5 STELLE","GIUSEPPE PISANI",NA,NA,NA
"SICILIA","SICILIA - U05","ALLEANZA VERDI E SINISTRA,+EUROPA,PARTITO DEMOCRATICO - ITALIA DEMOCRATICA E PROGRESSISTA,IMPEGNO CIVICO LUIGI DI MAIO - CENTRO DEMOCRATICO","PAOLO AMENTA",NA,NA,NA
"SICILIA","SICILIA - U05","AZIONE - ITALIA VIVA - CALENDA","MARIANNA BUSCEMA",NA,NA,NA
"SICILIA","SICILIA - U05","SUD CHIAMA NORD","ANTONIO GUASTELLA",NA,NA,NA
"SICILIA","SICILIA - U05","UNIONE POPOLARE CON DE MAGISTRIS","GIORGIO PICCIONE",NA,NA,NA
"SICILIA","SICILIA - U05","ALTERNATIVA PER L'ITALIA - NO GREEN PASS","GIULIO MORELLO",NA,NA,NA
"SICILIA","SICILIA - U05","VITA","ANGELO SCAGLIONE",NA,NA,NA
"SICILIA","SICILIA - U05","ITALEXIT PER L'ITALIA","EMANUELE CAVALLO",NA,NA,NA
"SICILIA","SICILIA - U05","ITALIA SOVRANA E POPOLARE","GIOVANNI ARMANDO ZERO",NA,NA,NA
"SICILIA","SICILIA - U06","LEGA PER SALVINI PREMIER,FRATELLI D'ITALIA CON GIORGIA MELONI,NOI MODERATI/LUPI - TOTI - BRUGNARO - UDC,FORZA ITALIA","CARMELA BUCALO",NA,NA,NA
"SICILIA","SICILIA - U06","MOVIMENTO 5 STELLE","BARBARA FLORIDIA",NA,NA,NA
"SICILIA","SICILIA - U06","ALLEANZA VERDI E SINISTRA,+EUROPA,PARTITO DEMOCRATICO - ITALIA DEMOCRATICA E PROGRESSISTA,IMPEGNO CIVICO LUIGI DI MAIO - CENTRO DEMOCRATICO","ANTONIA RUSSO",NA,NA,NA
"SICILIA","SICILIA - U06","AZIONE - ITALIA VIVA - CALENDA","EMILIANO LAZZARA PAPINA",NA,NA,NA
"SICILIA","SICILIA - U06","SUD CHIAMA NORD","DAFNE MUSOLINO",NA,NA,NA
"SICILIA","SICILIA - U06","UNIONE POPOLARE CON DE MAGISTRIS","DOLORES DESSI'",NA,NA,NA
"SICILIA","SICILIA - U06","ALTERNATIVA PER L'ITALIA - NO GREEN PASS","ENZA LO PRESTI",NA,NA,NA
"SICILIA","SICILIA - U06","VITA","CARLA BONANNO",NA,NA,NA
"SICILIA","SICILIA - U06","ITALEXIT PER L'ITALIA","GIUSEPPE SOTTILE",NA,NA,NA
"SICILIA","SICILIA - U06","ITALIA SOVRANA E POPOLARE","RENZO IOPPOLO",NA,NA,NA
"SARDEGNA","SARDEGNA - U01","FORZA ITALIA,LEGA PER SALVINI PREMIER,NOI MODERATI/LUPI - TOTI - BRUGNARO - UDC,FRATELLI D'ITALIA CON GIORGIA MELONI","ANTONELLA ZEDDA",NA,NA,NA
"SARDEGNA","SARDEGNA - U01","UNIONE POPOLARE CON DE MAGISTRIS","GIOVANNI FANCELLO",NA,NA,NA
"SARDEGNA","SARDEGNA - U01","ITALIA SOVRANA E POPOLARE","NICOLA DI CESARE",NA,NA,NA
"SARDEGNA","SARDEGNA - U01","ITALEXIT PER L'ITALIA","ANTONELLA ATZEI",NA,NA,NA
"SARDEGNA","SARDEGNA - U01","VITA","MARIA LUISA BUSINCO",NA,NA,NA
"SARDEGNA","SARDEGNA - U01","MOVIMENTO 5 STELLE","SABRINA LICHERI",NA,NA,NA
"SARDEGNA","SARDEGNA - U01","AZIONE - ITALIA VIVA - CALENDA","CLAUDIA MEDDA",NA,NA,NA
"SARDEGNA","SARDEGNA - U01","PARTITO DEMOCRATICO - ITALIA DEMOCRATICA E PROGRESSISTA,IMPEGNO CIVICO LUIGI DI MAIO - CENTRO DEMOCRATICO,+EUROPA,ALLEANZA VERDI E SINISTRA","MARIA DEL ZOMPO",NA,NA,NA
"SARDEGNA","SARDEGNA - U02","FORZA ITALIA,LEGA PER SALVINI PREMIER,NOI MODERATI/LUPI - TOTI - BRUGNARO - UDC,FRATELLI D'ITALIA CON GIORGIA MELONI","MARCELLO PERA",NA,NA,NA
"SARDEGNA","SARDEGNA - U02","UNIONE POPOLARE CON DE MAGISTRIS","LUCIA BROCCA",NA,NA,NA
"SARDEGNA","SARDEGNA - U02","ITALIA SOVRANA E POPOLARE","PATRIZIA PIRAS",NA,NA,NA
"SARDEGNA","SARDEGNA - U02","ITALEXIT PER L'ITALIA","GAVINO FONNESU",NA,NA,NA
"SARDEGNA","SARDEGNA - U02","VITA","ALESSANDRO GOFFI",NA,NA,NA
"SARDEGNA","SARDEGNA - U02","MOVIMENTO 5 STELLE","MARCELLO CHERCHI",NA,NA,NA
"SARDEGNA","SARDEGNA - U02","AZIONE - ITALIA VIVA - CALENDA","ANTIOCO VALERIO ZOCCHEDDU",NA,NA,NA
"SARDEGNA","SARDEGNA - U02","PARTITO DEMOCRATICO - ITALIA DEMOCRATICA E PROGRESSISTA,IMPEGNO CIVICO LUIGI DI MAIO - CENTRO DEMOCRATICO,+EUROPA,ALLEANZA VERDI E SINISTRA","GAVINO MANCA",NA,NA,NA
"ITALIA","VALLE D'AOSTA - U01","PARTITO COMUNISTA ITALIANO","GIOVANNI GUGLIELMO LERAY",NA,NA,NA
"ITALIA","VALLE D'AOSTA - U01","VALLE DAOSTE  AUTONOMIE PROGRS FDRALISME","PATRIK VESAN",NA,NA,NA
"ITALIA","VALLE D'AOSTA - U01","VALLE D'AOSTA APERTA","DARIA PULZ",NA,NA,NA
"ITALIA","VALLE D'AOSTA - U01","ITALIA SOVRANA E POPOLARE","ALESSANDRO BICHINI",NA,NA,NA
"ITALIA","VALLE D'AOSTA - U01","UNIONE POPOLARE CON DE MAGISTRIS","FRANCESCO","MARIA","GIUSEPPE","CARLO LUCAT"
"ITALIA","VALLE D'AOSTA - U01","LEGA PER SALVINI PREMIER - FORZA ITALIA - NOI MODERATI - FRATELLI D'ITALIA","NICOLETTA SPELGATTI",NA,NA,NA
"ITALIA","VALLE D'AOSTA - U01","VITA","LARISA BARGAN",NA,NA,NA
"ITALIA","VALLE D'AOSTA - U01","POUR LAUTONOMIE  PER LAUTONOMIA","AUGUSTO ROLLANDIN",NA,NA,NA
"ITALIA","TRENTINO-ALTO ADIGE/SDTIROL - U01","MOVIMENTO 5 STELLE","PAOLO MINOTTO",NA,NA,NA
"ITALIA","TRENTINO-ALTO ADIGE/SDTIROL - U01","SDTIROLER VOLKSPARTEI (SVP) - PATT","PATRIZIA PACE",NA,NA,NA
"ITALIA","TRENTINO-ALTO ADIGE/SDTIROL - U01","ITALIA SOVRANA E POPOLARE","MATTIA MAISTRI",NA,NA,NA
"ITALIA","TRENTINO-ALTO ADIGE/SDTIROL - U01","UNIONE POPOLARE CON DE MAGISTRIS","VALERIA ALLOCATI",NA,NA,NA
"ITALIA","TRENTINO-ALTO ADIGE/SDTIROL - U01","CAMPOBASE - +EUROPA - ALLEANZA VERDI E SINISTRA  PD - AZIONE-ITALIA VIVA","PIETRO PATTON",NA,NA,NA
"ITALIA","TRENTINO-ALTO ADIGE/SDTIROL - U01","LEGA PER SALVINI PREMIER - FORZA ITALIA - NOI MODERATI - FRATELLI D'ITALIA","MARTINA LOSS",NA,NA,NA
"ITALIA","TRENTINO-ALTO ADIGE/SDTIROL - U02","MOVIMENTO 5 STELLE","GIULIO ANGELINI",NA,NA,NA
"ITALIA","TRENTINO-ALTO ADIGE/SDTIROL - U02","VITA","SUSANNA FANTINI",NA,NA,NA
"ITALIA","TRENTINO-ALTO ADIGE/SDTIROL - U02","SDTIROLER VOLKSPARTEI (SVP) - PATT","STEFANO BRESCIANI",NA,NA,NA
"ITALIA","TRENTINO-ALTO ADIGE/SDTIROL - U02","ITALIA SOVRANA E POPOLARE","GIOVANNA GIUGNI",NA,NA,NA
"ITALIA","TRENTINO-ALTO ADIGE/SDTIROL - U02","UNIONE POPOLARE CON DE MAGISTRIS","CLAUDIO DELLA VOLPE",NA,NA,NA
"ITALIA","TRENTINO-ALTO ADIGE/SDTIROL - U02","CAMPOBASE - +EUROPA - ALLEANZA VERDI E SINISTRA  PD - AZIONE-ITALIA VIVA","DONATELLA CONZATTI",NA,NA,NA
"ITALIA","TRENTINO-ALTO ADIGE/SDTIROL - U02","LEGA PER SALVINI PREMIER - FORZA ITALIA - NOI MODERATI - FRATELLI D'ITALIA","MICHAELA BIANCOFIORE",NA,NA,NA
"ITALIA","TRENTINO-ALTO ADIGE/SDTIROL - U03","MOVIMENTO 5 STELLE","ROSA MICHELA RIZZI",NA,NA,NA
"ITALIA","TRENTINO-ALTO ADIGE/SDTIROL - U03","SDTIROLER VOLKSPARTEI (SVP) - PATT","ROBERTA BERGAMO",NA,NA,NA
"ITALIA","TRENTINO-ALTO ADIGE/SDTIROL - U03","ITALIA SOVRANA E POPOLARE","ROBERTO CAPPELLETTI",NA,NA,NA
"ITALIA","TRENTINO-ALTO ADIGE/SDTIROL - U03","UNIONE POPOLARE CON DE MAGISTRIS","GIULIANO PANTANO",NA,NA,NA
"ITALIA","TRENTINO-ALTO ADIGE/SDTIROL - U03","CAMPOBASE - +EUROPA - ALLEANZA VERDI E SINISTRA  PD - AZIONE-ITALIA VIVA","MICHELE SARTORI",NA,NA,NA
"ITALIA","TRENTINO-ALTO ADIGE/SDTIROL - U03","LEGA PER SALVINI PREMIER - FORZA ITALIA - NOI MODERATI - FRATELLI D'ITALIA","ELENA TESTOR",NA,NA,NA
"ITALIA","TRENTINO-ALTO ADIGE/SDTIROL - U04","MOVIMENTO 5 STELLE","RENZO RONCAT",NA,NA,NA
"ITALIA","TRENTINO-ALTO ADIGE/SDTIROL - U04","VITA","HANNES LOACKER",NA,NA,NA
"ITALIA","TRENTINO-ALTO ADIGE/SDTIROL - U04","AZIONE - ITALIA VIVA - CALENDA","STEFANIA GANDER",NA,NA,NA
"ITALIA","TRENTINO-ALTO ADIGE/SDTIROL - U04","SDTIROLER VOLKSPARTEI (SVP) - PATT","MANFRED MAYR",NA,NA,NA
"ITALIA","TRENTINO-ALTO ADIGE/SDTIROL - U04","PARTITO DEMOCRATICO - +EUROPA - ALLEANZA VERDI E SINISTRA","LUIGI SPAGNOLLI",NA,NA,NA
"ITALIA","TRENTINO-ALTO ADIGE/SDTIROL - U04","ITALIA SOVRANA E POPOLARE","IVO FIORENZA",NA,NA,NA
"ITALIA","TRENTINO-ALTO ADIGE/SDTIROL - U04","UNIONE POPOLARE CON DE MAGISTRIS","MICHELANGELO ZANGHI",NA,NA,NA
"ITALIA","TRENTINO-ALTO ADIGE/SDTIROL - U04","LEGA PER SALVINI PREMIER - FORZA ITALIA - NOI MODERATI - FRATELLI D'ITALIA","MAURIZIO BOSATRA",NA,NA,NA
"ITALIA","TRENTINO-ALTO ADIGE/SDTIROL - U04","DIE FREIHEITLICHEN","OTTO MAHLKNECHT",NA,NA,NA
"ITALIA","TRENTINO-ALTO ADIGE/SDTIROL - U05","PARTITO DEMOCRATICO - ITALIA DEMOCRATICA E PROGRESSISTA","DANIELA ROSSI",NA,NA,NA
"ITALIA","TRENTINO-ALTO ADIGE/SDTIROL - U05","ALLEANZA VERDI E SINISTRA","MARLENE MESSNER",NA,NA,NA
"ITALIA","TRENTINO-ALTO ADIGE/SDTIROL - U05","MOVIMENTO 5 STELLE","FRANCESCA MORRONE",NA,NA,NA
"ITALIA","TRENTINO-ALTO ADIGE/SDTIROL - U05","VITA","SUSANNA SINGER",NA,NA,NA
"ITALIA","TRENTINO-ALTO ADIGE/SDTIROL - U05","AZIONE - ITALIA VIVA - CALENDA","GIOVANNA VALENTINI",NA,NA,NA
"ITALIA","TRENTINO-ALTO ADIGE/SDTIROL - U05","SDTIROLER VOLKSPARTEI (SVP) - PATT","JULIANE UNTERBERGER",NA,NA,NA
"ITALIA","TRENTINO-ALTO ADIGE/SDTIROL - U05","TEAM K","MARKUS HAFNER",NA,NA,NA
"ITALIA","TRENTINO-ALTO ADIGE/SDTIROL - U05","LEGA PER SALVINI PREMIER - FORZA ITALIA - NOI MODERATI - FRATELLI D'ITALIA","RITA MATTEI",NA,NA,NA
"ITALIA","TRENTINO-ALTO ADIGE/SDTIROL - U05","DIE FREIHEITLICHEN","SABINE ZODERER",NA,NA,NA
"ITALIA","TRENTINO-ALTO ADIGE/SDTIROL - U06","PARTITO DEMOCRATICO - ITALIA DEMOCRATICA E PROGRESSISTA","RENATE PRADER",NA,NA,NA
"ITALIA","TRENTINO-ALTO ADIGE/SDTIROL - U06","ALLEANZA VERDI E SINISTRA","HANS HEISS",NA,NA,NA
"ITALIA","TRENTINO-ALTO ADIGE/SDTIROL - U06","MOVIMENTO 5 STELLE","MARKUS FALK",NA,NA,NA
"ITALIA","TRENTINO-ALTO ADIGE/SDTIROL - U06","VITA","RUDOLF SCHOEPF",NA,NA,NA
"ITALIA","TRENTINO-ALTO ADIGE/SDTIROL - U06","AZIONE - ITALIA VIVA - CALENDA","MASSIMO RAPI",NA,NA,NA
"ITALIA","TRENTINO-ALTO ADIGE/SDTIROL - U06","SDTIROLER VOLKSPARTEI (SVP) - PATT","MEINHARD DURNWALDER",NA,NA,NA
"ITALIA","TRENTINO-ALTO ADIGE/SDTIROL - U06","TEAM K","MONIKA SENFTER",NA,NA,NA
"ITALIA","TRENTINO-ALTO ADIGE/SDTIROL - U06","LEGA PER SALVINI PREMIER - FORZA ITALIA - NOI MODERATI - FRATELLI D'ITALIA","ANDREA CAUSIN",NA,NA,NA
"ITALIA","TRENTINO-ALTO ADIGE/SDTIROL - U06","DIE FREIHEITLICHEN","ULLI MAIR",NA,NA,NA
